12:34:52 | INFO    | engine     | Подключено: bybit
12:34:55 | INFO    | engine     | Подключено: okx
12:35:13 | INFO    | engine     | Подключено: gateio
12:35:15 | INFO    | engine     | Подключено: binance
12:35:20 | INFO    | engine     | Подключено: bitget
12:35:25 | INFO    | engine     | Подключено: mexc
12:35:28 | INFO    | engine     | Подключено: kucoin
12:35:33 | INFO    | engine     | Подключено: htx
12:35:36 | INFO    | engine     | Подключено: bingx
12:35:38 | INFO    | engine     | Подключено: coinex
12:35:38 | INFO    | engine     | Общих символов: 928
12:35:39 | WARNING | connector  | [mexc] WS обрыв: mexc watchBidsAsks only support spot market — реконнект через 1.0s
12:35:39 | WARNING | connector  | [kucoin] WS обрыв: kucoinfutures watchBidsAsks() accepts a maximum of 100 symbols — реконнект через 1.0s
12:35:40 | WARNING | connector  | [mexc] WS обрыв: mexc watchBidsAsks only support spot market — реконнект через 2.0s
12:35:40 | WARNING | connector  | [kucoin] WS обрыв: kucoinfutures watchBidsAsks() accepts a maximum of 100 symbols — реконнект через 2.0s
12:35:41 | WARNING | connector  | [binance] WS обрыв: Connection closed by remote server, closing code 1008 — реконнект через 1.0s
12:35:41 | WARNING | connector  | [coinex] WS обрыв: 'str' object has no attribute 'get' — реконнект через 1.0s
12:35:43 | WARNING | connector  | [kucoin] WS обрыв: kucoinfutures watchBidsAsks() accepts a maximum of 100 symbols — реконнект через 4.0s
12:35:43 | WARNING | connector  | [mexc] WS обрыв: mexc watchBidsAsks only support spot market — реконнект через 4.0s
12:35:43 | WARNING | connector  | [coinex] WS обрыв: 'str' object has no attribute 'get' — реконнект через 2.0s
12:35:48 | WARNING | connector  | [mexc] WS обрыв: mexc watchBidsAsks only support spot market — реконнект через 8.0s
12:35:48 | WARNING | connector  | [kucoin] WS обрыв: kucoinfutures watchBidsAsks() accepts a maximum of 100 symbols — реконнект через 8.0s
12:35:48 | WARNING | connector  | [coinex] WS обрыв: 'str' object has no attribute 'get' — реконнект через 4.0s
12:35:54 | WARNING | connector  | [coinex] WS обрыв: 'str' object has no attribute 'get' — реконнект через 8.0s
12:35:54 | WARNING | connector  | [binance] WS обрыв: Connection closed by remote server, closing code 1008 — реконнект через 2.0s
12:35:56 | WARNING | connector  | [mexc] WS обрыв: mexc watchBidsAsks only support spot market — реконнект через 16.0s
12:35:56 | WARNING | connector  | [kucoin] WS обрыв: kucoinfutures watchBidsAsks() accepts a maximum of 100 symbols — реконнект через 16.0s
12:36:03 | WARNING | connector  | [coinex] WS обрыв: 'str' object has no attribute 'get' — реконнект через 16.0s
12:36:10 | WARNING | connector  | [binance] WS обрыв: Connection closed by remote server, closing code 1008 — реконнект через 4.0s
12:36:13 | WARNING | connector  | [kucoin] WS обрыв: kucoinfutures watchBidsAsks() accepts a maximum of 100 symbols — реконнект через 30.0s
12:36:13 | WARNING | connector  | [mexc] WS обрыв: mexc watchBidsAsks only support spot market — реконнект через 30.0s
12:36:22 | WARNING | connector  | [coinex] WS обрыв: 'str' object has no attribute 'get' — реконнект через 30.0s
12:36:26 | WARNING | connector  | [binance] WS обрыв: Connection closed by remote server, closing code 1008 — реконнект через 8.0s
12:36:44 | WARNING | connector  | [mexc] WS обрыв: mexc watchBidsAsks only support spot market — реконнект через 30.0s
12:36:44 | WARNING | connector  | [kucoin] WS обрыв: kucoinfutures watchBidsAsks() accepts a maximum of 100 symbols — реконнект через 30.0s
12:36:44 | WARNING | connector  | [binance] WS обрыв: Connection closed by remote server, closing code 1008 — реконнект через 16.0s
12:36:53 | WARNING | connector  | [coinex] WS обрыв: 'str' object has no attribute 'get' — реконнект через 30.0s
12:37:11 | WARNING | connector  | [binance] WS обрыв: Connection closed by remote server, closing code 1008 — реконнект через 30.0s
12:37:14 | WARNING | connector  | [mexc] WS обрыв: mexc watchBidsAsks only support spot market — реконнект через 30.0s
12:37:14 | WARNING | connector  | [kucoin] WS обрыв: kucoinfutures watchBidsAsks() accepts a maximum of 100 symbols — реконнект через 30.0s
12:37:24 | WARNING | connector  | [coinex] WS обрыв: 'str' object has no attribute 'get' — реконнект через 30.0s
12:37:45 | WARNING | connector  | [mexc] WS обрыв: mexc watchBidsAsks only support spot market — реконнект через 30.0s
12:37:45 | WARNING | connector  | [kucoin] WS обрыв: kucoinfutures watchBidsAsks() accepts a maximum of 100 symbols — реконнект через 30.0s
12:37:52 | WARNING | connector  | [binance] WS обрыв: Connection closed by remote server, closing code 1008 — реконнект через 30.0s
12:37:55 | WARNING | connector  | [coinex] WS обрыв: 'str' object has no attribute 'get' — реконнект через 30.0s
12:38:15 | WARNING | connector  | [mexc] WS обрыв: mexc watchBidsAsks only support spot market — реконнект через 30.0s
12:38:16 | WARNING | connector  | [kucoin] WS обрыв: kucoinfutures watchBidsAsks() accepts a maximum of 100 symbols — реконнект через 30.0s
12:38:26 | WARNING | connector  | [coinex] WS обрыв: 'str' object has no attribute 'get' — реконнект через 30.0s
12:38:29 | WARNING | connector  | [binance] WS обрыв: Connection closed by remote server, closing code 1008 — реконнект через 30.0s
12:38:36 | WARNING | connector  | [bitget] WS обрыв: Connection closed by remote server, closing code 1006 — реконнект через 1.0s
12:38:46 | WARNING | connector  | [mexc] WS обрыв: mexc watchBidsAsks only support spot market — реконнект через 30.0s
12:38:46 | WARNING | connector  | [kucoin] WS обрыв: kucoinfutures watchBidsAsks() accepts a maximum of 100 symbols — реконнект через 30.0s
12:38:57 | WARNING | connector  | [coinex] WS обрыв: 'str' object has no attribute 'get' — реконнект через 30.0s
12:39:07 | WARNING | connector  | [binance] WS обрыв: Connection closed by remote server, closing code 1008 — реконнект через 30.0s
12:39:17 | WARNING | connector  | [mexc] WS обрыв: mexc watchBidsAsks only support spot market — реконнект через 30.0s
12:39:17 | WARNING | connector  | [kucoin] WS обрыв: kucoinfutures watchBidsAsks() accepts a maximum of 100 symbols — реконнект через 30.0s
12:39:28 | WARNING | connector  | [coinex] WS обрыв: 'str' object has no attribute 'get' — реконнект через 30.0s
12:39:44 | WARNING | connector  | [binance] WS обрыв: Connection closed by remote server, closing code 1008 — реконнект через 30.0s
12:39:47 | WARNING | connector  | [mexc] WS обрыв: mexc watchBidsAsks only support spot market — реконнект через 30.0s
12:39:47 | WARNING | connector  | [kucoin] WS обрыв: kucoinfutures watchBidsAsks() accepts a maximum of 100 symbols — реконнект через 30.0s
12:40:00 | WARNING | connector  | [bitget] WS обрыв: Connection closed by remote server, closing code 1006 — реконнект через 2.0s
12:40:00 | WARNING | connector  | [coinex] WS обрыв: 'str' object has no attribute 'get' — реконнект через 30.0s
12:40:18 | WARNING | connector  | [mexc] WS обрыв: mexc watchBidsAsks only support spot market — реконнект через 30.0s
12:40:18 | WARNING | connector  | [kucoin] WS обрыв: kucoinfutures watchBidsAsks() accepts a maximum of 100 symbols — реконнект через 30.0s
12:40:24 | WARNING | connector  | [binance] WS обрыв: Connection closed by remote server, closing code 1008 — реконнект через 30.0s
12:40:32 | WARNING | connector  | [coinex] WS обрыв: 'str' object has no attribute 'get' — реконнект через 30.0s
12:40:48 | WARNING | connector  | [mexc] WS обрыв: mexc watchBidsAsks only support spot market — реконнект через 30.0s
12:40:48 | WARNING | connector  | [kucoin] WS обрыв: kucoinfutures watchBidsAsks() accepts a maximum of 100 symbols — реконнект через 30.0s
12:41:10 | WARNING | connector  | [coinex] WS обрыв: 'str' object has no attribute 'get' — реконнект через 30.0s
12:41:16 | WARNING | connector  | [binance] WS обрыв: Connection closed by remote server, closing code 1008 — реконнект через 30.0s
12:41:20 | WARNING | connector  | [kucoin] WS обрыв: kucoinfutures watchBidsAsks() accepts a maximum of 100 symbols — реконнект через 30.0s
12:41:20 | WARNING | connector  | [mexc] WS обрыв: mexc watchBidsAsks only support spot market — реконнект через 30.0s
12:41:42 | WARNING | connector  | [coinex] WS обрыв: 'str' object has no attribute 'get' — реконнект через 30.0s
12:41:46 | WARNING | connector  | [bitget] WS обрыв: Connection to wss://ws.bitget.com/v2/ws/public timed out due to a ping-pong keepalive missing on time — реконнект через 4.0s
12:41:51 | WARNING | connector  | [kucoin] WS обрыв: kucoinfutures watchBidsAsks() accepts a maximum of 100 symbols — реконнект через 30.0s
12:41:51 | WARNING | connector  | [mexc] WS обрыв: mexc watchBidsAsks only support spot market — реконнект через 30.0s
12:41:57 | WARNING | connector  | [binance] WS обрыв: Connection closed by remote server, closing code 1008 — реконнект через 30.0s
12:42:13 | WARNING | connector  | [coinex] WS обрыв: 'str' object has no attribute 'get' — реконнект через 30.0s
12:42:21 | WARNING | connector  | [kucoin] WS обрыв: kucoinfutures watchBidsAsks() accepts a maximum of 100 symbols — реконнект через 30.0s
12:42:21 | WARNING | connector  | [mexc] WS обрыв: mexc watchBidsAsks only support spot market — реконнект через 30.0s
12:42:39 | WARNING | connector  | [binance] WS обрыв: Connection closed by remote server, closing code 1008 — реконнект через 30.0s
12:42:44 | WARNING | connector  | [coinex] WS обрыв: 'str' object has no attribute 'get' — реконнект через 30.0s
12:42:52 | WARNING | connector  | [kucoin] WS обрыв: kucoinfutures watchBidsAsks() accepts a maximum of 100 symbols — реконнект через 30.0s
12:42:52 | WARNING | connector  | [mexc] WS обрыв: mexc watchBidsAsks only support spot market — реконнект через 30.0s
12:43:15 | WARNING | connector  | [coinex] WS обрыв: 'str' object has no attribute 'get' — реконнект через 30.0s
12:43:16 | WARNING | connector  | [binance] WS обрыв: Connection closed by remote server, closing code 1008 — реконнект через 30.0s
12:43:22 | WARNING | connector  | [kucoin] WS обрыв: kucoinfutures watchBidsAsks() accepts a maximum of 100 symbols — реконнект через 30.0s
12:43:22 | WARNING | connector  | [mexc] WS обрыв: mexc watchBidsAsks only support spot market — реконнект через 30.0s
12:43:30 | WARNING | connector  | [bitget] WS обрыв: Connection closed by remote server, closing code 1006 — реконнект через 8.0s
12:43:45 | WARNING | connector  | [coinex] WS обрыв: 'str' object has no attribute 'get' — реконнект через 30.0s
12:43:54 | WARNING | connector  | [mexc] WS обрыв: mexc watchBidsAsks only support spot market — реконнект через 30.0s
12:43:54 | WARNING | connector  | [kucoin] WS обрыв: kucoinfutures watchBidsAsks() accepts a maximum of 100 symbols — реконнект через 30.0s
12:43:55 | WARNING | connector  | [binance] WS обрыв: Connection closed by remote server, closing code 1008 — реконнект через 30.0s
12:44:16 | WARNING | connector  | [coinex] WS обрыв: 'str' object has no attribute 'get' — реконнект через 30.0s
12:44:24 | WARNING | connector  | [mexc] WS обрыв: mexc watchBidsAsks only support spot market — реконнект через 30.0s
12:44:24 | WARNING | connector  | [kucoin] WS обрыв: kucoinfutures watchBidsAsks() accepts a maximum of 100 symbols — реконнект через 30.0s
12:44:40 | WARNING | connector  | [binance] WS обрыв: Connection closed by remote server, closing code 1008 — реконнект через 30.0s
12:44:47 | WARNING | connector  | [coinex] WS обрыв: 'str' object has no attribute 'get' — реконнект через 30.0s
12:44:56 | WARNING | connector  | [kucoin] WS обрыв: kucoinfutures watchBidsAsks() accepts a maximum of 100 symbols — реконнект через 30.0s
12:44:56 | WARNING | connector  | [mexc] WS обрыв: mexc watchBidsAsks only support spot market — реконнект через 30.0s
12:45:19 | WARNING | connector  | [coinex] WS обрыв: 'str' object has no attribute 'get' — реконнект через 30.0s
12:45:22 | WARNING | connector  | [binance] WS обрыв: Connection closed by remote server, closing code 1008 — реконнект через 30.0s
12:45:27 | WARNING | connector  | [kucoin] WS обрыв: kucoinfutures watchBidsAsks() accepts a maximum of 100 symbols — реконнект через 30.0s
12:45:27 | WARNING | connector  | [mexc] WS обрыв: mexc watchBidsAsks only support spot market — реконнект через 30.0s
12:45:50 | WARNING | connector  | [coinex] WS обрыв: 'str' object has no attribute 'get' — реконнект через 30.0s
12:45:52 | WARNING | connector  | [bitget] WS обрыв: Connection closed by remote server, closing code 1006 — реконнект через 16.0s
12:45:58 | WARNING | connector  | [kucoin] WS обрыв: kucoinfutures watchBidsAsks() accepts a maximum of 100 symbols — реконнект через 30.0s
12:45:58 | WARNING | connector  | [mexc] WS обрыв: mexc watchBidsAsks only support spot market — реконнект через 30.0s
12:46:05 | WARNING | connector  | [binance] WS обрыв: Connection closed by remote server, closing code 1008 — реконнект через 30.0s
12:46:21 | WARNING | connector  | [coinex] WS обрыв: 'str' object has no attribute 'get' — реконнект через 30.0s
12:46:28 | WARNING | connector  | [kucoin] WS обрыв: kucoinfutures watchBidsAsks() accepts a maximum of 100 symbols — реконнект через 30.0s
12:46:28 | WARNING | connector  | [mexc] WS обрыв: mexc watchBidsAsks only support spot market — реконнект через 30.0s
12:46:46 | WARNING | connector  | [binance] WS обрыв: Connection closed by remote server, closing code 1008 — реконнект через 30.0s
12:46:52 | WARNING | connector  | [coinex] WS обрыв: 'str' object has no attribute 'get' — реконнект через 30.0s
12:46:59 | WARNING | connector  | [kucoin] WS обрыв: kucoinfutures watchBidsAsks() accepts a maximum of 100 symbols — реконнект через 30.0s
12:46:59 | WARNING | connector  | [mexc] WS обрыв: mexc watchBidsAsks only support spot market — реконнект через 30.0s
12:47:23 | WARNING | connector  | [coinex] WS обрыв: 'str' object has no attribute 'get' — реконнект через 30.0s
12:47:24 | WARNING | connector  | [binance] WS обрыв: Connection closed by remote server, closing code 1008 — реконнект через 30.0s
12:47:29 | WARNING | connector  | [kucoin] WS обрыв: kucoinfutures watchBidsAsks() accepts a maximum of 100 symbols — реконнект через 30.0s
12:47:29 | WARNING | connector  | [mexc] WS обрыв: mexc watchBidsAsks only support spot market — реконнект через 30.0s
12:47:54 | WARNING | connector  | [coinex] WS обрыв: 'str' object has no attribute 'get' — реконнект через 30.0s
12:48:00 | WARNING | connector  | [kucoin] WS обрыв: kucoinfutures watchBidsAsks() accepts a maximum of 100 symbols — реконнект через 30.0s
12:48:00 | WARNING | connector  | [mexc] WS обрыв: mexc watchBidsAsks only support spot market — реконнект через 30.0s
12:48:04 | WARNING | connector  | [binance] WS обрыв: Connection closed by remote server, closing code 1008 — реконнект через 30.0s
12:48:26 | WARNING | connector  | [coinex] WS обрыв: 'str' object has no attribute 'get' — реконнект через 30.0s
12:48:31 | WARNING | connector  | [kucoin] WS обрыв: kucoinfutures watchBidsAsks() accepts a maximum of 100 symbols — реконнект через 30.0s
12:48:31 | WARNING | connector  | [mexc] WS обрыв: mexc watchBidsAsks only support spot market — реконнект через 30.0s
12:48:44 | WARNING | connector  | [binance] WS обрыв: Connection closed by remote server, closing code 1008 — реконнект через 30.0s
12:48:58 | WARNING | connector  | [coinex] WS обрыв: 'str' object has no attribute 'get' — реконнект через 30.0s
12:49:02 | WARNING | connector  | [mexc] WS обрыв: mexc watchBidsAsks only support spot market — реконнект через 30.0s
12:49:02 | WARNING | connector  | [kucoin] WS обрыв: kucoinfutures watchBidsAsks() accepts a maximum of 100 symbols — реконнект через 30.0s
12:49:27 | WARNING | connector  | [bitget] WS обрыв: Connection to wss://ws.bitget.com/v2/ws/public timed out due to a ping-pong keepalive missing on time — реконнект через 30.0s
12:49:29 | WARNING | connector  | [coinex] WS обрыв: 'str' object has no attribute 'get' — реконнект через 30.0s
12:49:29 | WARNING | connector  | [binance] WS обрыв: Connection closed by remote server, closing code 1008 — реконнект через 30.0s
12:49:29 | WARNING | connector  | [okx] WS обрыв: Connection closed by remote server, closing code 1006 — реконнект через 1.0s
12:49:32 | WARNING | connector  | [gateio] WS обрыв: Connection closed by remote server, closing code 1006 — реконнект через 1.0s
12:49:33 | WARNING | connector  | [kucoin] WS обрыв: kucoinfutures watchBidsAsks() accepts a maximum of 100 symbols — реконнект через 30.0s
12:49:33 | WARNING | connector  | [mexc] WS обрыв: mexc watchBidsAsks only support spot market — реконнект через 30.0s
12:50:00 | WARNING | connector  | [coinex] WS обрыв: 'str' object has no attribute 'get' — реконнект через 30.0s
12:50:04 | WARNING | connector  | [mexc] WS обрыв: mexc watchBidsAsks only support spot market — реконнект через 30.0s
12:50:04 | WARNING | connector  | [kucoin] WS обрыв: kucoinfutures watchBidsAsks() accepts a maximum of 100 symbols — реконнект через 30.0s
12:50:09 | WARNING | connector  | [binance] WS обрыв: Connection closed by remote server, closing code 1008 — реконнект через 30.0s
12:50:31 | WARNING | connector  | [coinex] WS обрыв: 'str' object has no attribute 'get' — реконнект через 30.0s
12:50:34 | WARNING | connector  | [mexc] WS обрыв: mexc watchBidsAsks only support spot market — реконнект через 30.0s
12:50:34 | WARNING | connector  | [kucoin] WS обрыв: kucoinfutures watchBidsAsks() accepts a maximum of 100 symbols — реконнект через 30.0s
12:50:49 | WARNING | connector  | [binance] WS обрыв: Connection closed by remote server, closing code 1008 — реконнект через 30.0s
12:51:03 | WARNING | connector  | [coinex] WS обрыв: 'str' object has no attribute 'get' — реконнект через 30.0s
12:51:05 | WARNING | connector  | [kucoin] WS обрыв: kucoinfutures watchBidsAsks() accepts a maximum of 100 symbols — реконнект через 30.0s
12:51:05 | WARNING | connector  | [mexc] WS обрыв: mexc watchBidsAsks only support spot market — реконнект через 30.0s
12:51:27 | WARNING | connector  | [bitget] WS обрыв: Connection closed by remote server, closing code 1006 — реконнект через 30.0s
12:51:28 | WARNING | connector  | [binance] WS обрыв: Connection closed by remote server, closing code 1008 — реконнект через 30.0s
12:51:34 | WARNING | connector  | [coinex] WS обрыв: 'str' object has no attribute 'get' — реконнект через 30.0s
12:51:35 | WARNING | connector  | [mexc] WS обрыв: mexc watchBidsAsks only support spot market — реконнект через 30.0s
12:51:35 | WARNING | connector  | [kucoin] WS обрыв: kucoinfutures watchBidsAsks() accepts a maximum of 100 symbols — реконнект через 30.0s
12:52:04 | WARNING | connector  | [binance] WS обрыв: Connection closed by remote server, closing code 1008 — реконнект через 30.0s
12:52:06 | WARNING | connector  | [coinex] WS обрыв: 'str' object has no attribute 'get' — реконнект через 30.0s
12:52:06 | WARNING | connector  | [kucoin] WS обрыв: kucoinfutures watchBidsAsks() accepts a maximum of 100 symbols — реконнект через 30.0s
12:52:06 | WARNING | connector  | [mexc] WS обрыв: mexc watchBidsAsks only support spot market — реконнект через 30.0s
12:52:37 | WARNING | connector  | [kucoin] WS обрыв: kucoinfutures watchBidsAsks() accepts a maximum of 100 symbols — реконнект через 30.0s
12:52:37 | WARNING | connector  | [mexc] WS обрыв: mexc watchBidsAsks only support spot market — реконнект через 30.0s
12:52:37 | WARNING | connector  | [coinex] WS обрыв: 'str' object has no attribute 'get' — реконнект через 30.0s
12:52:44 | WARNING | connector  | [binance] WS обрыв: Connection closed by remote server, closing code 1008 — реконнект через 30.0s
12:53:08 | WARNING | connector  | [mexc] WS обрыв: mexc watchBidsAsks only support spot market — реконнект через 30.0s
12:53:08 | WARNING | connector  | [kucoin] WS обрыв: kucoinfutures watchBidsAsks() accepts a maximum of 100 symbols — реконнект через 30.0s
12:53:08 | WARNING | connector  | [coinex] WS обрыв: 'str' object has no attribute 'get' — реконнект через 30.0s
12:53:27 | WARNING | connector  | [binance] WS обрыв: Connection closed by remote server, closing code 1008 — реконнект через 30.0s
12:53:38 | WARNING | connector  | [kucoin] WS обрыв: kucoinfutures watchBidsAsks() accepts a maximum of 100 symbols — реконнект через 30.0s
12:53:38 | WARNING | connector  | [mexc] WS обрыв: mexc watchBidsAsks only support spot market — реконнект через 30.0s
12:53:39 | WARNING | connector  | [coinex] WS обрыв: 'str' object has no attribute 'get' — реконнект через 30.0s
12:54:05 | WARNING | connector  | [binance] WS обрыв: Connection closed by remote server, closing code 1008 — реконнект через 30.0s
12:54:09 | WARNING | connector  | [mexc] WS обрыв: mexc watchBidsAsks only support spot market — реконнект через 30.0s
12:54:09 | WARNING | connector  | [kucoin] WS обрыв: kucoinfutures watchBidsAsks() accepts a maximum of 100 symbols — реконнект через 30.0s
12:54:11 | WARNING | connector  | [coinex] WS обрыв: 'str' object has no attribute 'get' — реконнект через 30.0s
12:54:38 | WARNING | connector  | [bitget] WS обрыв: Connection closed by remote server, closing code 1006 — реконнект через 30.0s
12:54:39 | WARNING | connector  | [mexc] WS обрыв: mexc watchBidsAsks only support spot market — реконнект через 30.0s
12:54:39 | WARNING | connector  | [kucoin] WS обрыв: kucoinfutures watchBidsAsks() accepts a maximum of 100 symbols — реконнект через 30.0s
12:54:42 | WARNING | connector  | [coinex] WS обрыв: 'str' object has no attribute 'get' — реконнект через 30.0s
12:54:42 | WARNING | connector  | [binance] WS обрыв: Connection closed by remote server, closing code 1008 — реконнект через 30.0s
12:55:10 | WARNING | connector  | [mexc] WS обрыв: mexc watchBidsAsks only support spot market — реконнект через 30.0s
12:55:10 | WARNING | connector  | [kucoin] WS обрыв: kucoinfutures watchBidsAsks() accepts a maximum of 100 symbols — реконнект через 30.0s
12:55:14 | WARNING | connector  | [coinex] WS обрыв: 'str' object has no attribute 'get' — реконнект через 30.0s
12:55:23 | WARNING | connector  | [binance] WS обрыв: Connection closed by remote server, closing code 1008 — реконнект через 30.0s
12:55:41 | WARNING | connector  | [mexc] WS обрыв: mexc watchBidsAsks only support spot market — реконнект через 30.0s
12:55:41 | WARNING | connector  | [kucoin] WS обрыв: kucoinfutures watchBidsAsks() accepts a maximum of 100 symbols — реконнект через 30.0s
12:55:45 | WARNING | connector  | [coinex] WS обрыв: 'str' object has no attribute 'get' — реконнект через 30.0s
12:56:02 | WARNING | connector  | [binance] WS обрыв: Connection closed by remote server, closing code 1008 — реконнект через 30.0s
12:56:12 | WARNING | connector  | [mexc] WS обрыв: mexc watchBidsAsks only support spot market — реконнект через 30.0s
12:56:12 | WARNING | connector  | [kucoin] WS обрыв: kucoinfutures watchBidsAsks() accepts a maximum of 100 symbols — реконнект через 30.0s
12:56:17 | WARNING | connector  | [coinex] WS обрыв: 'str' object has no attribute 'get' — реконнект через 30.0s
12:56:43 | WARNING | connector  | [binance] WS обрыв: Connection closed by remote server, closing code 1008 — реконнект через 30.0s
12:56:43 | WARNING | connector  | [mexc] WS обрыв: mexc watchBidsAsks only support spot market — реконнект через 30.0s
12:56:43 | WARNING | connector  | [kucoin] WS обрыв: kucoinfutures watchBidsAsks() accepts a maximum of 100 symbols — реконнект через 30.0s
12:56:48 | WARNING | connector  | [coinex] WS обрыв: 'str' object has no attribute 'get' — реконнект через 30.0s
12:57:14 | WARNING | connector  | [mexc] WS обрыв: mexc watchBidsAsks only support spot market — реконнект через 30.0s
12:57:14 | WARNING | connector  | [kucoin] WS обрыв: kucoinfutures watchBidsAsks() accepts a maximum of 100 symbols — реконнект через 30.0s
12:57:20 | WARNING | connector  | [coinex] WS обрыв: 'str' object has no attribute 'get' — реконнект через 30.0s
12:57:27 | WARNING | connector  | [binance] WS обрыв: Connection closed by remote server, closing code 1008 — реконнект через 30.0s
12:57:44 | WARNING | connector  | [mexc] WS обрыв: mexc watchBidsAsks only support spot market — реконнект через 30.0s
12:57:44 | WARNING | connector  | [kucoin] WS обрыв: kucoinfutures watchBidsAsks() accepts a maximum of 100 symbols — реконнект через 30.0s
12:57:51 | WARNING | connector  | [coinex] WS обрыв: 'str' object has no attribute 'get' — реконнект через 30.0s
12:58:09 | WARNING | connector  | [binance] WS обрыв: Connection closed by remote server, closing code 1008 — реконнект через 30.0s
12:58:15 | WARNING | connector  | [kucoin] WS обрыв: kucoinfutures watchBidsAsks() accepts a maximum of 100 symbols — реконнект через 30.0s
12:58:15 | WARNING | connector  | [mexc] WS обрыв: mexc watchBidsAsks only support spot market — реконнект через 30.0s
12:58:22 | WARNING | connector  | [coinex] WS обрыв: 'str' object has no attribute 'get' — реконнект через 30.0s
12:58:45 | WARNING | connector  | [mexc] WS обрыв: mexc watchBidsAsks only support spot market — реконнект через 30.0s
12:58:45 | WARNING | connector  | [kucoin] WS обрыв: kucoinfutures watchBidsAsks() accepts a maximum of 100 symbols — реконнект через 30.0s
12:58:48 | WARNING | connector  | [binance] WS обрыв: Connection closed by remote server, closing code 1008 — реконнект через 30.0s
12:58:53 | WARNING | connector  | [coinex] WS обрыв: 'str' object has no attribute 'get' — реконнект через 30.0s
12:59:16 | WARNING | connector  | [mexc] WS обрыв: mexc watchBidsAsks only support spot market — реконнект через 30.0s
12:59:16 | WARNING | connector  | [kucoin] WS обрыв: kucoinfutures watchBidsAsks() accepts a maximum of 100 symbols — реконнект через 30.0s
12:59:27 | WARNING | connector  | [coinex] WS обрыв: 'str' object has no attribute 'get' — реконнект через 30.0s
12:59:33 | WARNING | connector  | [binance] WS обрыв: Connection closed by remote server, closing code 1008 — реконнект через 30.0s
12:59:47 | WARNING | connector  | [mexc] WS обрыв: mexc watchBidsAsks only support spot market — реконнект через 30.0s
12:59:47 | WARNING | connector  | [kucoin] WS обрыв: kucoinfutures watchBidsAsks() accepts a maximum of 100 symbols — реконнект через 30.0s
12:59:58 | WARNING | connector  | [coinex] WS обрыв: 'str' object has no attribute 'get' — реконнект через 30.0s
13:00:06 | WARNING | connector  | [bitget] WS обрыв: Connection to wss://ws.bitget.com/v2/ws/public timed out due to a ping-pong keepalive missing on time — реконнект через 30.0s
13:00:13 | WARNING | connector  | [binance] WS обрыв: Connection closed by remote server, closing code 1008 — реконнект через 30.0s
13:00:18 | WARNING | connector  | [mexc] WS обрыв: mexc watchBidsAsks only support spot market — реконнект через 30.0s
13:00:18 | WARNING | connector  | [kucoin] WS обрыв: kucoinfutures watchBidsAsks() accepts a maximum of 100 symbols — реконнект через 30.0s
13:00:29 | WARNING | connector  | [coinex] WS обрыв: 'str' object has no attribute 'get' — реконнект через 30.0s
13:00:48 | WARNING | connector  | [kucoin] WS обрыв: kucoinfutures watchBidsAsks() accepts a maximum of 100 symbols — реконнект через 30.0s
13:00:48 | WARNING | connector  | [mexc] WS обрыв: mexc watchBidsAsks only support spot market — реконнект через 30.0s
13:00:55 | WARNING | connector  | [binance] WS обрыв: Connection closed by remote server, closing code 1008 — реконнект через 30.0s
13:00:55 | WARNING | connector  | [okx] WS обрыв: Connection closed by remote server, closing code 1006 — реконнект через 2.0s
13:01:00 | WARNING | connector  | [coinex] WS обрыв: 'str' object has no attribute 'get' — реконнект через 30.0s
13:01:19 | WARNING | connector  | [mexc] WS обрыв: mexc watchBidsAsks only support spot market — реконнект через 30.0s
13:01:19 | WARNING | connector  | [kucoin] WS обрыв: kucoinfutures watchBidsAsks() accepts a maximum of 100 symbols — реконнект через 30.0s
13:01:31 | WARNING | connector  | [coinex] WS обрыв: 'str' object has no attribute 'get' — реконнект через 30.0s
13:01:37 | WARNING | connector  | [binance] WS обрыв: Connection closed by remote server, closing code 1008 — реконнект через 30.0s
13:01:50 | WARNING | connector  | [mexc] WS обрыв: mexc watchBidsAsks only support spot market — реконнект через 30.0s
13:01:50 | WARNING | connector  | [kucoin] WS обрыв: kucoinfutures watchBidsAsks() accepts a maximum of 100 symbols — реконнект через 30.0s
13:02:04 | WARNING | connector  | [coinex] WS обрыв: 'str' object has no attribute 'get' — реконнект через 30.0s
13:02:24 | WARNING | connector  | [mexc] WS обрыв: mexc watchBidsAsks only support spot market — реконнект через 30.0s
13:02:24 | WARNING | connector  | [kucoin] WS обрыв: kucoinfutures watchBidsAsks() accepts a maximum of 100 symbols — реконнект через 30.0s
13:02:28 | WARNING | connector  | [binance] WS обрыв: Connection timeout — реконнект через 30.0s
13:02:37 | WARNING | connector  | [coinex] WS обрыв: 'str' object has no attribute 'get' — реконнект через 30.0s
13:02:39 | WARNING | connector  | [bitget] WS обрыв: Connection timeout — реконнект через 30.0s
13:02:46 | WARNING | connector  | [okx] WS обрыв: Connection to wss://ws.okx.com:8443/ws/v5/public timed out due to a ping-pong keepalive missing on time — реконнект через 4.0s
13:02:54 | WARNING | connector  | [mexc] WS обрыв: mexc watchBidsAsks only support spot market — реконнект через 30.0s
13:02:54 | WARNING | connector  | [kucoin] WS обрыв: kucoinfutures watchBidsAsks() accepts a maximum of 100 symbols — реконнект через 30.0s
13:03:09 | WARNING | connector  | [coinex] WS обрыв: 'str' object has no attribute 'get' — реконнект через 30.0s
13:03:13 | WARNING | connector  | [binance] WS обрыв: Connection closed by remote server, closing code 1008 — реконнект через 30.0s
13:03:26 | WARNING | connector  | [kucoin] WS обрыв: kucoinfutures watchBidsAsks() accepts a maximum of 100 symbols — реконнект через 30.0s
13:03:26 | WARNING | connector  | [mexc] WS обрыв: mexc watchBidsAsks only support spot market — реконнект через 30.0s
13:03:45 | WARNING | connector  | [coinex] WS обрыв: 'str' object has no attribute 'get' — реконнект через 30.0s
13:03:50 | WARNING | connector  | [gateio] WS обрыв: Connection closed by remote server, closing code 1006 — реконнект через 2.0s
13:04:00 | WARNING | connector  | [kucoin] WS обрыв: kucoinfutures watchBidsAsks() accepts a maximum of 100 symbols — реконнект через 30.0s
13:04:00 | WARNING | connector  | [mexc] WS обрыв: mexc watchBidsAsks only support spot market — реконнект через 30.0s
13:04:02 | WARNING | connector  | [binance] WS обрыв: Connection timeout — реконнект через 30.0s
13:04:19 | WARNING | connector  | [coinex] WS обрыв: 'str' object has no attribute 'get' — реконнект через 30.0s
13:04:31 | WARNING | connector  | [kucoin] WS обрыв: kucoinfutures watchBidsAsks() accepts a maximum of 100 symbols — реконнект через 30.0s
13:04:31 | WARNING | connector  | [mexc] WS обрыв: mexc watchBidsAsks only support spot market — реконнект через 30.0s
13:04:47 | WARNING | connector  | [gateio] WS обрыв: Connection closed by remote server, closing code 1006 — реконнект через 4.0s
13:04:48 | WARNING | connector  | [binance] WS обрыв: Connection timeout — реконнект через 30.0s
13:04:51 | WARNING | connector  | [coinex] WS обрыв: 'str' object has no attribute 'get' — реконнект через 30.0s
13:05:03 | WARNING | connector  | [kucoin] WS обрыв: kucoinfutures watchBidsAsks() accepts a maximum of 100 symbols — реконнект через 30.0s
13:05:03 | WARNING | connector  | [mexc] WS обрыв: mexc watchBidsAsks only support spot market — реконнект через 30.0s
13:05:25 | WARNING | connector  | [coinex] WS обрыв: 'str' object has no attribute 'get' — реконнект через 30.0s
13:05:32 | WARNING | connector  | [binance] WS обрыв: Connection closed by remote server, closing code 1008 — реконнект через 30.0s
13:05:34 | WARNING | connector  | [mexc] WS обрыв: mexc watchBidsAsks only support spot market — реконнект через 30.0s
13:05:34 | WARNING | connector  | [kucoin] WS обрыв: kucoinfutures watchBidsAsks() accepts a maximum of 100 symbols — реконнект через 30.0s
13:05:58 | WARNING | connector  | [coinex] WS обрыв: 'str' object has no attribute 'get' — реконнект через 30.0s
13:06:05 | WARNING | connector  | [kucoin] WS обрыв: kucoinfutures watchBidsAsks() accepts a maximum of 100 symbols — реконнект через 30.0s
13:06:05 | WARNING | connector  | [mexc] WS обрыв: mexc watchBidsAsks only support spot market — реконнект через 30.0s
13:06:12 | WARNING | connector  | [gateio] WS обрыв: Connection closed by remote server, closing code 1006 — реконнект через 8.0s
13:06:19 | WARNING | connector  | [binance] WS обрыв: Connection closed by remote server, closing code 1008 — реконнект через 30.0s
13:06:33 | WARNING | connector  | [coinex] WS обрыв: 'str' object has no attribute 'get' — реконнект через 30.0s
13:06:36 | WARNING | connector  | [mexc] WS обрыв: mexc watchBidsAsks only support spot market — реконнект через 30.0s
13:06:36 | WARNING | connector  | [kucoin] WS обрыв: kucoinfutures watchBidsAsks() accepts a maximum of 100 symbols — реконнект через 30.0s
13:06:36 | WARNING | connector  | [gateio] WS обрыв: Connection timeout — реконнект через 16.0s
13:06:49 | WARNING | connector  | [bitget] WS обрыв: Connection to wss://ws.bitget.com/v2/ws/public timed out due to a ping-pong keepalive missing on time — реконнект через 30.0s
13:07:08 | WARNING | connector  | [coinex] WS обрыв: 'str' object has no attribute 'get' — реконнект через 30.0s
13:07:08 | WARNING | connector  | [mexc] WS обрыв: mexc watchBidsAsks only support spot market — реконнект через 30.0s
13:07:08 | WARNING | connector  | [kucoin] WS обрыв: kucoinfutures watchBidsAsks() accepts a maximum of 100 symbols — реконнект через 30.0s
13:07:10 | WARNING | connector  | [gateio] WS обрыв: Connection timeout — реконнект через 30.0s
13:07:12 | WARNING | connector  | [binance] WS обрыв: Connection closed by remote server, closing code 1008 — реконнект через 30.0s
13:07:38 | WARNING | connector  | [mexc] WS обрыв: mexc watchBidsAsks only support spot market — реконнект через 30.0s
13:07:38 | WARNING | connector  | [kucoin] WS обрыв: kucoinfutures watchBidsAsks() accepts a maximum of 100 symbols — реконнект через 30.0s
13:07:39 | WARNING | connector  | [coinex] WS обрыв: 'str' object has no attribute 'get' — реконнект через 30.0s
13:08:00 | WARNING | connector  | [binance] WS обрыв: Connection closed by remote server, closing code 1008 — реконнект через 30.0s
13:08:11 | WARNING | connector  | [kucoin] WS обрыв: kucoinfutures watchBidsAsks() accepts a maximum of 100 symbols — реконнект через 30.0s
13:08:11 | WARNING | connector  | [mexc] WS обрыв: mexc watchBidsAsks only support spot market — реконнект через 30.0s
13:08:13 | WARNING | connector  | [coinex] WS обрыв: 'str' object has no attribute 'get' — реконнект через 30.0s
13:08:27 | WARNING | connector  | [gateio] WS обрыв: Connection closed by remote server, closing code 1006 — реконнект через 30.0s
13:08:42 | WARNING | connector  | [binance] WS обрыв: Connection closed by remote server, closing code 1008 — реконнект через 30.0s
13:08:43 | WARNING | connector  | [kucoin] WS обрыв: kucoinfutures watchBidsAsks() accepts a maximum of 100 symbols — реконнект через 30.0s
13:08:43 | WARNING | connector  | [mexc] WS обрыв: mexc watchBidsAsks only support spot market — реконнект через 30.0s
13:08:47 | WARNING | connector  | [coinex] WS обрыв: 'str' object has no attribute 'get' — реконнект через 30.0s
13:09:06 | WARNING | connector  | [bitget] WS обрыв: Connection to wss://ws.bitget.com/v2/ws/public timed out due to a ping-pong keepalive missing on time — реконнект через 30.0s
13:09:13 | WARNING | connector  | [mexc] WS обрыв: mexc watchBidsAsks only support spot market — реконнект через 30.0s
13:09:13 | WARNING | connector  | [kucoin] WS обрыв: kucoinfutures watchBidsAsks() accepts a maximum of 100 symbols — реконнект через 30.0s
13:09:19 | WARNING | connector  | [coinex] WS обрыв: 'str' object has no attribute 'get' — реконнект через 30.0s
13:09:23 | WARNING | connector  | [binance] WS обрыв: Connection closed by remote server, closing code 1008 — реконнект через 30.0s
13:09:44 | WARNING | connector  | [mexc] WS обрыв: mexc watchBidsAsks only support spot market — реконнект через 30.0s
13:09:44 | WARNING | connector  | [kucoin] WS обрыв: kucoinfutures watchBidsAsks() accepts a maximum of 100 symbols — реконнект через 30.0s
13:09:53 | WARNING | connector  | [coinex] WS обрыв: 'str' object has no attribute 'get' — реконнект через 30.0s
13:10:09 | WARNING | connector  | [binance] WS обрыв: Connection timeout — реконнект через 30.0s
13:10:15 | WARNING | connector  | [kucoin] WS обрыв: kucoinfutures watchBidsAsks() accepts a maximum of 100 symbols — реконнект через 30.0s
13:10:15 | WARNING | connector  | [mexc] WS обрыв: mexc watchBidsAsks only support spot market — реконнект через 30.0s
13:10:25 | WARNING | connector  | [coinex] WS обрыв: 'str' object has no attribute 'get' — реконнект через 30.0s
13:10:46 | WARNING | connector  | [kucoin] WS обрыв: kucoinfutures watchBidsAsks() accepts a maximum of 100 symbols — реконнект через 30.0s
13:10:46 | WARNING | connector  | [mexc] WS обрыв: mexc watchBidsAsks only support spot market — реконнект через 30.0s
13:10:55 | WARNING | connector  | [binance] WS обрыв: Connection closed by remote server, closing code 1008 — реконнект через 30.0s
13:10:56 | WARNING | connector  | [coinex] WS обрыв: 'str' object has no attribute 'get' — реконнект через 30.0s
13:11:17 | WARNING | connector  | [kucoin] WS обрыв: kucoinfutures watchBidsAsks() accepts a maximum of 100 symbols — реконнект через 30.0s
13:11:17 | WARNING | connector  | [mexc] WS обрыв: mexc watchBidsAsks only support spot market — реконнект через 30.0s
13:11:28 | WARNING | connector  | [coinex] WS обрыв: 'str' object has no attribute 'get' — реконнект через 30.0s
13:11:43 | WARNING | connector  | [binance] WS обрыв: Connection closed by remote server, closing code 1008 — реконнект через 30.0s
13:11:48 | WARNING | connector  | [mexc] WS обрыв: mexc watchBidsAsks only support spot market — реконнект через 30.0s
13:11:48 | WARNING | connector  | [kucoin] WS обрыв: kucoinfutures watchBidsAsks() accepts a maximum of 100 symbols — реконнект через 30.0s
13:11:59 | WARNING | connector  | [coinex] WS обрыв: 'str' object has no attribute 'get' — реконнект через 30.0s
13:12:11 | WARNING | connector  | [gateio] WS обрыв: Connection closed by remote server, closing code 1006 — реконнект через 30.0s
13:12:19 | WARNING | connector  | [mexc] WS обрыв: mexc watchBidsAsks only support spot market — реконнект через 30.0s
13:12:19 | WARNING | connector  | [kucoin] WS обрыв: kucoinfutures watchBidsAsks() accepts a maximum of 100 symbols — реконнект через 30.0s
13:12:22 | WARNING | connector  | [binance] WS обрыв: Connection closed by remote server, closing code 1008 — реконнект через 30.0s
13:12:34 | WARNING | connector  | [coinex] WS обрыв: 'str' object has no attribute 'get' — реконнект через 30.0s
13:12:51 | WARNING | connector  | [kucoin] WS обрыв: kucoinfutures watchBidsAsks() accepts a maximum of 100 symbols — реконнект через 30.0s
13:12:52 | WARNING | connector  | [mexc] WS обрыв: mexc watchBidsAsks only support spot market — реконнект через 30.0s
13:12:56 | WARNING | connector  | [gateio] WS обрыв: Connection timeout — реконнект через 30.0s
13:13:01 | WARNING | connector  | [bitget] WS обрыв: Connection to wss://ws.bitget.com/v2/ws/public timed out due to a ping-pong keepalive missing on time — реконнект через 30.0s
13:13:02 | WARNING | connector  | [binance] WS обрыв: Connection closed by remote server, closing code 1008 — реконнект через 30.0s
13:13:05 | WARNING | connector  | [coinex] WS обрыв: 'str' object has no attribute 'get' — реконнект через 30.0s
13:13:22 | WARNING | connector  | [kucoin] WS обрыв: kucoinfutures watchBidsAsks() accepts a maximum of 100 symbols — реконнект через 30.0s
13:13:22 | WARNING | connector  | [mexc] WS обрыв: mexc watchBidsAsks only support spot market — реконнект через 30.0s
13:13:25 | WARNING | connector  | [okx] WS обрыв: Connection closed by remote server, closing code 1006 — реконнект через 8.0s
13:13:36 | WARNING | connector  | [coinex] WS обрыв: 'str' object has no attribute 'get' — реконнект через 30.0s
13:13:37 | WARNING | connector  | [binance] WS обрыв: Connection closed by remote server, closing code 1008 — реконнект через 30.0s
13:13:53 | WARNING | connector  | [kucoin] WS обрыв: kucoinfutures watchBidsAsks() accepts a maximum of 100 symbols — реконнект через 30.0s
13:13:53 | WARNING | connector  | [mexc] WS обрыв: mexc watchBidsAsks only support spot market — реконнект через 30.0s
13:14:07 | WARNING | connector  | [coinex] WS обрыв: 'str' object has no attribute 'get' — реконнект через 30.0s
13:14:20 | WARNING | connector  | [binance] WS обрыв: Connection closed by remote server, closing code 1008 — реконнект через 30.0s
13:14:23 | WARNING | connector  | [kucoin] WS обрыв: kucoinfutures watchBidsAsks() accepts a maximum of 100 symbols — реконнект через 30.0s
13:14:23 | WARNING | connector  | [mexc] WS обрыв: mexc watchBidsAsks only support spot market — реконнект через 30.0s
13:14:38 | WARNING | connector  | [coinex] WS обрыв: 'str' object has no attribute 'get' — реконнект через 30.0s
13:14:54 | WARNING | connector  | [kucoin] WS обрыв: kucoinfutures watchBidsAsks() accepts a maximum of 100 symbols — реконнект через 30.0s
13:14:54 | WARNING | connector  | [mexc] WS обрыв: mexc watchBidsAsks only support spot market — реконнект через 30.0s
13:15:05 | WARNING | connector  | [binance] WS обрыв: Connection closed by remote server, closing code 1008 — реконнект через 30.0s
13:15:09 | WARNING | connector  | [coinex] WS обрыв: 'str' object has no attribute 'get' — реконнект через 30.0s
13:15:25 | WARNING | connector  | [mexc] WS обрыв: mexc watchBidsAsks only support spot market — реконнект через 30.0s
13:15:25 | WARNING | connector  | [kucoin] WS обрыв: kucoinfutures watchBidsAsks() accepts a maximum of 100 symbols — реконнект через 30.0s
13:15:40 | WARNING | connector  | [coinex] WS обрыв: 'str' object has no attribute 'get' — реконнект через 30.0s
13:15:57 | WARNING | connector  | [mexc] WS обрыв: mexc watchBidsAsks only support spot market — реконнект через 30.0s
13:15:57 | WARNING | connector  | [kucoin] WS обрыв: kucoinfutures watchBidsAsks() accepts a maximum of 100 symbols — реконнект через 30.0s
13:16:00 | WARNING | connector  | [binance] WS обрыв: Connection closed by remote server, closing code 1008 — реконнект через 30.0s
13:16:16 | WARNING | connector  | [coinex] WS обрыв: 'str' object has no attribute 'get' — реконнект через 30.0s
13:16:19 | WARNING | connector  | [bitget] WS обрыв: Connection closed by remote server, closing code 1006 — реконнект через 30.0s
13:16:19 | WARNING | connector  | [gateio] WS обрыв: Connection closed by remote server, closing code 1006 — реконнект через 30.0s
13:16:27 | WARNING | connector  | [kucoin] WS обрыв: kucoinfutures watchBidsAsks() accepts a maximum of 100 symbols — реконнект через 30.0s
13:16:27 | WARNING | connector  | [mexc] WS обрыв: mexc watchBidsAsks only support spot market — реконнект через 30.0s
13:16:47 | WARNING | connector  | [binance] WS обрыв: Connection closed by remote server, closing code 1008 — реконнект через 30.0s
13:16:49 | WARNING | connector  | [coinex] WS обрыв: 'str' object has no attribute 'get' — реконнект через 30.0s
13:16:58 | WARNING | connector  | [mexc] WS обрыв: mexc watchBidsAsks only support spot market — реконнект через 30.0s
13:16:58 | WARNING | connector  | [kucoin] WS обрыв: kucoinfutures watchBidsAsks() accepts a maximum of 100 symbols — реконнект через 30.0s
13:17:09 | WARNING | connector  | [gateio] WS обрыв: Connection timeout — реконнект через 30.0s
13:17:21 | WARNING | connector  | [coinex] WS обрыв: 'str' object has no attribute 'get' — реконнект через 30.0s
13:17:30 | WARNING | connector  | [mexc] WS обрыв: mexc watchBidsAsks only support spot market — реконнект через 30.0s
13:17:30 | WARNING | connector  | [kucoin] WS обрыв: kucoinfutures watchBidsAsks() accepts a maximum of 100 symbols — реконнект через 30.0s
13:17:37 | WARNING | connector  | [binance] WS обрыв: Connection timeout — реконнект через 30.0s
13:17:54 | WARNING | connector  | [coinex] WS обрыв: 'str' object has no attribute 'get' — реконнект через 30.0s
13:17:55 | WARNING | connector  | [gateio] WS обрыв: Connection timeout — реконнект через 30.0s
13:18:04 | WARNING | connector  | [kucoin] WS обрыв: kucoinfutures watchBidsAsks() accepts a maximum of 100 symbols — реконнект через 30.0s
13:18:04 | WARNING | connector  | [mexc] WS обрыв: mexc watchBidsAsks only support spot market — реконнект через 30.0s
13:18:25 | WARNING | connector  | [binance] WS обрыв: Connection timeout — реконнект через 30.0s
13:18:28 | WARNING | connector  | [coinex] WS обрыв: 'str' object has no attribute 'get' — реконнект через 30.0s
13:18:35 | WARNING | connector  | [kucoin] WS обрыв: kucoinfutures watchBidsAsks() accepts a maximum of 100 symbols — реконнект через 30.0s
13:18:35 | WARNING | connector  | [mexc] WS обрыв: mexc watchBidsAsks only support spot market — реконнект через 30.0s
13:18:42 | WARNING | connector  | [bitget] WS обрыв: Connection to wss://ws.bitget.com/v2/ws/public timed out due to a ping-pong keepalive missing on time — реконнект через 30.0s
13:18:43 | WARNING | connector  | [gateio] WS обрыв: Connection timeout — реконнект через 30.0s
13:18:59 | WARNING | connector  | [coinex] WS обрыв: 'str' object has no attribute 'get' — реконнект через 30.0s
13:19:06 | WARNING | connector  | [kucoin] WS обрыв: kucoinfutures watchBidsAsks() accepts a maximum of 100 symbols — реконнект через 30.0s
13:19:06 | WARNING | connector  | [mexc] WS обрыв: mexc watchBidsAsks only support spot market — реконнект через 30.0s
13:19:12 | WARNING | connector  | [binance] WS обрыв: Connection closed by remote server, closing code 1008 — реконнект через 30.0s
13:19:27 | WARNING | connector  | [bitget] WS обрыв: Connection timeout — реконнект через 30.0s
13:19:29 | WARNING | connector  | [gateio] WS обрыв: Connection timeout — реконнект через 30.0s
13:19:33 | WARNING | connector  | [coinex] WS обрыв: 'str' object has no attribute 'get' — реконнект через 30.0s
13:19:37 | WARNING | connector  | [kucoin] WS обрыв: kucoinfutures watchBidsAsks() accepts a maximum of 100 symbols — реконнект через 30.0s
13:19:37 | WARNING | connector  | [mexc] WS обрыв: mexc watchBidsAsks only support spot market — реконнект через 30.0s
13:19:56 | WARNING | connector  | [binance] WS обрыв: Connection timeout — реконнект через 30.0s
13:19:56 | WARNING | connector  | [bybit] WS обрыв: Connection closed by remote server, closing code 1006 — реконнект через 1.0s
13:20:04 | WARNING | connector  | [coinex] WS обрыв: 'str' object has no attribute 'get' — реконнект через 30.0s
13:20:08 | WARNING | connector  | [mexc] WS обрыв: mexc watchBidsAsks only support spot market — реконнект через 30.0s
13:20:08 | WARNING | connector  | [kucoin] WS обрыв: kucoinfutures watchBidsAsks() accepts a maximum of 100 symbols — реконнект через 30.0s
13:20:37 | WARNING | connector  | [coinex] WS обрыв: 'str' object has no attribute 'get' — реконнект через 30.0s
13:20:39 | WARNING | connector  | [kucoin] WS обрыв: kucoinfutures watchBidsAsks() accepts a maximum of 100 symbols — реконнект через 30.0s
13:20:39 | WARNING | connector  | [mexc] WS обрыв: mexc watchBidsAsks only support spot market — реконнект через 30.0s
13:20:40 | WARNING | connector  | [okx] WS обрыв: Connection to wss://ws.okx.com:8443/ws/v5/public timed out due to a ping-pong keepalive missing on time — реконнект через 16.0s
13:20:43 | WARNING | connector  | [binance] WS обрыв: Connection closed by remote server, closing code 1008 — реконнект через 30.0s
13:21:09 | WARNING | connector  | [coinex] WS обрыв: 'str' object has no attribute 'get' — реконнект через 30.0s
13:21:11 | WARNING | connector  | [kucoin] WS обрыв: kucoinfutures watchBidsAsks() accepts a maximum of 100 symbols — реконнект через 30.0s
13:21:11 | WARNING | connector  | [mexc] WS обрыв: mexc watchBidsAsks only support spot market — реконнект через 30.0s
13:21:30 | WARNING | connector  | [binance] WS обрыв: Connection timeout — реконнект через 30.0s
13:21:42 | WARNING | connector  | [kucoin] WS обрыв: kucoinfutures watchBidsAsks() accepts a maximum of 100 symbols — реконнект через 30.0s
13:21:42 | WARNING | connector  | [mexc] WS обрыв: mexc watchBidsAsks only support spot market — реконнект через 30.0s
13:21:42 | WARNING | connector  | [coinex] WS обрыв: 'str' object has no attribute 'get' — реконнект через 30.0s
13:22:13 | WARNING | connector  | [kucoin] WS обрыв: kucoinfutures watchBidsAsks() accepts a maximum of 100 symbols — реконнект через 30.0s
13:22:13 | WARNING | connector  | [mexc] WS обрыв: mexc watchBidsAsks only support spot market — реконнект через 30.0s
13:22:15 | WARNING | connector  | [coinex] WS обрыв: 'str' object has no attribute 'get' — реконнект через 30.0s
13:22:18 | WARNING | connector  | [binance] WS обрыв: Connection closed by remote server, closing code 1008 — реконнект через 30.0s
13:22:44 | WARNING | connector  | [mexc] WS обрыв: mexc watchBidsAsks only support spot market — реконнект через 30.0s
13:22:44 | WARNING | connector  | [kucoin] WS обрыв: kucoinfutures watchBidsAsks() accepts a maximum of 100 symbols — реконнект через 30.0s
13:22:51 | WARNING | connector  | [coinex] WS обрыв: 'str' object has no attribute 'get' — реконнект через 30.0s
13:22:59 | WARNING | connector  | [bybit] WS обрыв: Connection closed by remote server, closing code 1006 — реконнект через 2.0s
13:23:09 | WARNING | connector  | [binance] WS обрыв: Connection closed by remote server, closing code 1008 — реконнект через 30.0s
13:23:15 | WARNING | connector  | [mexc] WS обрыв: mexc watchBidsAsks only support spot market — реконнект через 30.0s
13:23:15 | WARNING | connector  | [kucoin] WS обрыв: kucoinfutures watchBidsAsks() accepts a maximum of 100 symbols — реконнект через 30.0s
13:23:28 | WARNING | connector  | [coinex] WS обрыв: 'str' object has no attribute 'get' — реконнект через 30.0s
13:23:48 | WARNING | connector  | [kucoin] WS обрыв: kucoinfutures watchBidsAsks() accepts a maximum of 100 symbols — реконнект через 30.0s
13:23:48 | WARNING | connector  | [mexc] WS обрыв: mexc watchBidsAsks only support spot market — реконнект через 30.0s
13:23:51 | WARNING | connector  | [bitget] WS обрыв: Connection closed by remote server, closing code 1006 — реконнект через 30.0s
13:24:00 | WARNING | connector  | [okx] WS обрыв: Connection to wss://ws.okx.com:8443/ws/v5/public timed out due to a ping-pong keepalive missing on time — реконнект через 30.0s
13:24:01 | WARNING | connector  | [coinex] WS обрыв: 'str' object has no attribute 'get' — реконнект через 30.0s
13:24:02 | WARNING | connector  | [binance] WS обрыв: Connection timeout — реконнект через 30.0s
13:24:18 | WARNING | connector  | [kucoin] WS обрыв: kucoinfutures watchBidsAsks() accepts a maximum of 100 symbols — реконнект через 30.0s
13:24:18 | WARNING | connector  | [mexc] WS обрыв: mexc watchBidsAsks only support spot market — реконнект через 30.0s
13:24:33 | WARNING | connector  | [coinex] WS обрыв: 'str' object has no attribute 'get' — реконнект через 30.0s
13:24:50 | WARNING | connector  | [kucoin] WS обрыв: kucoinfutures watchBidsAsks() accepts a maximum of 100 symbols — реконнект через 30.0s
13:24:51 | WARNING | connector  | [mexc] WS обрыв: mexc watchBidsAsks only support spot market — реконнект через 30.0s
13:24:51 | WARNING | connector  | [binance] WS обрыв: Connection closed by remote server, closing code 1008 — реконнект через 30.0s
13:24:55 | WARNING | connector  | [gateio] WS обрыв: Connection closed by remote server, closing code 1006 — реконнект через 30.0s
13:25:11 | WARNING | connector  | [coinex] WS обрыв: 'str' object has no attribute 'get' — реконнект через 30.0s
13:25:21 | WARNING | connector  | [kucoin] WS обрыв: kucoinfutures watchBidsAsks() accepts a maximum of 100 symbols — реконнект через 30.0s
13:25:21 | WARNING | connector  | [mexc] WS обрыв: mexc watchBidsAsks only support spot market — реконнект через 30.0s
13:25:40 | WARNING | connector  | [binance] WS обрыв: Connection closed by remote server, closing code 1008 — реконнект через 30.0s
13:25:42 | WARNING | connector  | [gateio] WS обрыв: Connection timeout — реконнект через 30.0s
13:25:42 | WARNING | connector  | [coinex] WS обрыв: 'str' object has no attribute 'get' — реконнект через 30.0s
13:25:53 | WARNING | connector  | [mexc] WS обрыв: mexc watchBidsAsks only support spot market — реконнект через 30.0s
13:25:53 | WARNING | connector  | [kucoin] WS обрыв: kucoinfutures watchBidsAsks() accepts a maximum of 100 symbols — реконнект через 30.0s
13:26:15 | WARNING | connector  | [coinex] WS обрыв: 'str' object has no attribute 'get' — реконнект через 30.0s
13:26:24 | WARNING | connector  | [mexc] WS обрыв: mexc watchBidsAsks only support spot market — реконнект через 30.0s
13:26:24 | WARNING | connector  | [kucoin] WS обрыв: kucoinfutures watchBidsAsks() accepts a maximum of 100 symbols — реконнект через 30.0s
13:26:27 | WARNING | connector  | [binance] WS обрыв: Connection closed by remote server, closing code 1008 — реконнект через 30.0s
13:26:49 | WARNING | connector  | [coinex] WS обрыв: 'str' object has no attribute 'get' — реконнект через 30.0s
13:26:54 | WARNING | connector  | [mexc] WS обрыв: mexc watchBidsAsks only support spot market — реконнект через 30.0s
13:26:54 | WARNING | connector  | [kucoin] WS обрыв: kucoinfutures watchBidsAsks() accepts a maximum of 100 symbols — реконнект через 30.0s
13:27:13 | WARNING | connector  | [binance] WS обрыв: Connection timeout — реконнект через 30.0s
13:27:22 | WARNING | connector  | [coinex] WS обрыв: 'str' object has no attribute 'get' — реконнект через 30.0s
13:27:26 | WARNING | connector  | [mexc] WS обрыв: mexc watchBidsAsks only support spot market — реконнект через 30.0s
13:27:26 | WARNING | connector  | [kucoin] WS обрыв: kucoinfutures watchBidsAsks() accepts a maximum of 100 symbols — реконнект через 30.0s
13:27:56 | WARNING | connector  | [coinex] WS обрыв: 'str' object has no attribute 'get' — реконнект через 30.0s
13:27:56 | WARNING | connector  | [okx] WS обрыв: Connection to wss://ws.okx.com:8443/ws/v5/public timed out due to a ping-pong keepalive missing on time — реконнект через 30.0s
13:27:57 | WARNING | connector  | [mexc] WS обрыв: mexc watchBidsAsks only support spot market — реконнект через 30.0s
13:27:57 | WARNING | connector  | [kucoin] WS обрыв: kucoinfutures watchBidsAsks() accepts a maximum of 100 symbols — реконнект через 30.0s
13:28:02 | WARNING | connector  | [binance] WS обрыв: Connection closed by remote server, closing code 1008 — реконнект через 30.0s
13:28:28 | WARNING | connector  | [coinex] WS обрыв: 'str' object has no attribute 'get' — реконнект через 30.0s
13:28:28 | WARNING | connector  | [mexc] WS обрыв: mexc watchBidsAsks only support spot market — реконнект через 30.0s
13:28:28 | WARNING | connector  | [kucoin] WS обрыв: kucoinfutures watchBidsAsks() accepts a maximum of 100 symbols — реконнект через 30.0s
13:28:45 | WARNING | connector  | [gateio] WS обрыв: Connection closed by remote server, closing code 1006 — реконнект через 30.0s
13:28:46 | WARNING | connector  | [binance] WS обрыв: Connection closed by remote server, closing code 1008 — реконнект через 30.0s
13:28:59 | WARNING | connector  | [mexc] WS обрыв: mexc watchBidsAsks only support spot market — реконнект через 30.0s
13:28:59 | WARNING | connector  | [kucoin] WS обрыв: kucoinfutures watchBidsAsks() accepts a maximum of 100 symbols — реконнект через 30.0s
13:29:00 | WARNING | connector  | [coinex] WS обрыв: 'str' object has no attribute 'get' — реконнект через 30.0s
13:29:25 | WARNING | connector  | [bybit] WS обрыв: Connection closed by remote server, closing code 1006 — реконнект через 4.0s
13:29:30 | WARNING | connector  | [mexc] WS обрыв: mexc watchBidsAsks only support spot market — реконнект через 30.0s
13:29:30 | WARNING | connector  | [kucoin] WS обрыв: kucoinfutures watchBidsAsks() accepts a maximum of 100 symbols — реконнект через 30.0s
13:29:32 | WARNING | connector  | [coinex] WS обрыв: 'str' object has no attribute 'get' — реконнект через 30.0s
13:29:33 | WARNING | connector  | [binance] WS обрыв: Connection timeout — реконнект через 30.0s
13:29:55 | WARNING | connector  | [bitget] WS обрыв: Connection timeout — реконнект через 30.0s
13:30:01 | WARNING | connector  | [mexc] WS обрыв: mexc watchBidsAsks only support spot market — реконнект через 30.0s
13:30:01 | WARNING | connector  | [kucoin] WS обрыв: kucoinfutures watchBidsAsks() accepts a maximum of 100 symbols — реконнект через 30.0s
13:30:03 | WARNING | connector  | [coinex] WS обрыв: 'str' object has no attribute 'get' — реконнект через 30.0s
13:30:23 | WARNING | connector  | [binance] WS обрыв: Connection timeout — реконнект через 30.0s
13:30:27 | WARNING | connector  | [okx] WS обрыв: Connection timeout — реконнект через 30.0s
13:30:32 | WARNING | connector  | [mexc] WS обрыв: mexc watchBidsAsks only support spot market — реконнект через 30.0s
13:30:32 | WARNING | connector  | [kucoin] WS обрыв: kucoinfutures watchBidsAsks() accepts a maximum of 100 symbols — реконнект через 30.0s
13:30:35 | WARNING | connector  | [coinex] WS обрыв: 'str' object has no attribute 'get' — реконнект через 30.0s
13:30:40 | WARNING | connector  | [gateio] WS обрыв: Connection closed by remote server, closing code 1006 — реконнект через 30.0s
13:31:00 | WARNING | connector  | [binance] WS обрыв: Connection closed by remote server, closing code 1008 — реконнект через 30.0s
13:31:02 | WARNING | connector  | [mexc] WS обрыв: mexc watchBidsAsks only support spot market — реконнект через 30.0s
13:31:02 | WARNING | connector  | [kucoin] WS обрыв: kucoinfutures watchBidsAsks() accepts a maximum of 100 symbols — реконнект через 30.0s
13:31:06 | WARNING | connector  | [coinex] WS обрыв: 'str' object has no attribute 'get' — реконнект через 30.0s
13:31:34 | WARNING | connector  | [mexc] WS обрыв: mexc watchBidsAsks only support spot market — реконнект через 30.0s
13:31:34 | WARNING | connector  | [kucoin] WS обрыв: kucoinfutures watchBidsAsks() accepts a maximum of 100 symbols — реконнект через 30.0s
13:31:42 | WARNING | connector  | [coinex] WS обрыв: 'str' object has no attribute 'get' — реконнект через 30.0s
13:31:56 | WARNING | connector  | [binance] WS обрыв: Connection timeout — реконнект через 30.0s
13:32:08 | WARNING | connector  | [mexc] WS обрыв: mexc watchBidsAsks only support spot market — реконнект через 30.0s
13:32:08 | WARNING | connector  | [kucoin] WS обрыв: kucoinfutures watchBidsAsks() accepts a maximum of 100 symbols — реконнект через 30.0s
13:32:15 | WARNING | connector  | [coinex] WS обрыв: 'str' object has no attribute 'get' — реконнект через 30.0s
13:32:21 | WARNING | connector  | [bybit] WS обрыв: Connection timeout — реконнект через 8.0s
13:32:22 | WARNING | connector  | [bitget] WS обрыв: Connection timeout — реконнект через 30.0s
13:32:27 | WARNING | connector  | [gateio] WS обрыв: Cannot write to closing transport — реконнект через 30.0s
13:32:38 | WARNING | connector  | [binance] WS обрыв: Connection closed by remote server, closing code 1008 — реконнект через 30.0s
13:32:38 | WARNING | connector  | [mexc] WS обрыв: mexc watchBidsAsks only support spot market — реконнект через 30.0s
13:32:39 | WARNING | connector  | [kucoin] WS обрыв: kucoinfutures watchBidsAsks() accepts a maximum of 100 symbols — реконнект через 30.0s
13:32:48 | WARNING | connector  | [coinex] WS обрыв: 'str' object has no attribute 'get' — реконнект через 30.0s
13:33:10 | WARNING | connector  | [mexc] WS обрыв: mexc watchBidsAsks only support spot market — реконнект через 30.0s
13:33:11 | WARNING | connector  | [bitget] WS обрыв: Connection timeout — реконнект через 30.0s
13:33:11 | WARNING | connector  | [kucoin] WS обрыв: kucoinfutures watchBidsAsks() accepts a maximum of 100 symbols — реконнект через 30.0s
13:33:18 | WARNING | connector  | [gateio] WS обрыв: Connection timeout — реконнект через 30.0s
13:33:24 | WARNING | connector  | [coinex] WS обрыв: 'str' object has no attribute 'get' — реконнект через 30.0s
13:33:25 | WARNING | connector  | [binance] WS обрыв: Connection timeout — реконнект через 30.0s
13:33:41 | WARNING | connector  | [mexc] WS обрыв: mexc watchBidsAsks only support spot market — реконнект через 30.0s
13:33:42 | WARNING | connector  | [kucoin] WS обрыв: kucoinfutures watchBidsAsks() accepts a maximum of 100 symbols — реконнект через 30.0s
13:33:55 | WARNING | connector  | [coinex] WS обрыв: 'str' object has no attribute 'get' — реконнект через 30.0s
13:34:04 | WARNING | connector  | [binance] WS обрыв: Connection closed by remote server, closing code 1008 — реконнект через 30.0s
13:34:12 | WARNING | connector  | [mexc] WS обрыв: mexc watchBidsAsks only support spot market — реконнект через 30.0s
13:34:13 | WARNING | connector  | [kucoin] WS обрыв: kucoinfutures watchBidsAsks() accepts a maximum of 100 symbols — реконнект через 30.0s
13:34:18 | WARNING | connector  | [okx] WS обрыв: Connection closed by remote server, closing code 1006 — реконнект через 30.0s
13:34:19 | WARNING | connector  | [bitget] WS обрыв: Connection closed by remote server, closing code 1006 — реконнект через 30.0s
13:34:25 | WARNING | connector  | [coinex] WS обрыв: 'str' object has no attribute 'get' — реконнект через 30.0s
13:34:39 | WARNING | connector  | [binance] WS обрыв: Connection closed by remote server, closing code 1008 — реконнект через 30.0s
13:34:42 | WARNING | connector  | [mexc] WS обрыв: mexc watchBidsAsks only support spot market — реконнект через 30.0s
13:34:43 | WARNING | connector  | [kucoin] WS обрыв: kucoinfutures watchBidsAsks() accepts a maximum of 100 symbols — реконнект через 30.0s
13:34:56 | WARNING | connector  | [coinex] WS обрыв: 'str' object has no attribute 'get' — реконнект через 30.0s
13:35:13 | WARNING | connector  | [mexc] WS обрыв: mexc watchBidsAsks only support spot market — реконнект через 30.0s
13:35:13 | WARNING | connector  | [kucoin] WS обрыв: kucoinfutures watchBidsAsks() accepts a maximum of 100 symbols — реконнект через 30.0s
13:35:19 | WARNING | connector  | [binance] WS обрыв: Connection closed by remote server, closing code 1008 — реконнект через 30.0s
13:35:27 | WARNING | connector  | [coinex] WS обрыв: 'str' object has no attribute 'get' — реконнект через 30.0s
13:35:43 | WARNING | connector  | [mexc] WS обрыв: mexc watchBidsAsks only support spot market — реконнект через 30.0s
13:35:44 | WARNING | connector  | [kucoin] WS обрыв: kucoinfutures watchBidsAsks() accepts a maximum of 100 symbols — реконнект через 30.0s
13:35:58 | WARNING | connector  | [coinex] WS обрыв: 'str' object has no attribute 'get' — реконнект через 30.0s
13:36:00 | WARNING | connector  | [binance] WS обрыв: Connection closed by remote server, closing code 1008 — реконнект через 30.0s
13:36:15 | WARNING | connector  | [mexc] WS обрыв: mexc watchBidsAsks only support spot market — реконнект через 30.0s
13:36:17 | WARNING | connector  | [kucoin] WS обрыв: kucoinfutures watchBidsAsks() accepts a maximum of 100 symbols — реконнект через 30.0s
13:36:33 | WARNING | connector  | [coinex] WS обрыв: 'str' object has no attribute 'get' — реконнект через 30.0s
13:36:38 | WARNING | connector  | [bitget] WS обрыв: Connection timeout — реконнект через 30.0s
13:36:47 | WARNING | connector  | [mexc] WS обрыв: mexc watchBidsAsks only support spot market — реконнект через 30.0s
13:36:48 | WARNING | connector  | [binance] WS обрыв: Connection closed by remote server, closing code 1008 — реконнект через 30.0s
13:36:49 | WARNING | connector  | [kucoin] WS обрыв: kucoinfutures watchBidsAsks() accepts a maximum of 100 symbols — реконнект через 30.0s
13:37:05 | WARNING | connector  | [coinex] WS обрыв: 'str' object has no attribute 'get' — реконнект через 30.0s
13:37:18 | WARNING | connector  | [mexc] WS обрыв: mexc watchBidsAsks only support spot market — реконнект через 30.0s
13:37:19 | WARNING | connector  | [kucoin] WS обрыв: kucoinfutures watchBidsAsks() accepts a maximum of 100 symbols — реконнект через 30.0s
13:37:34 | WARNING | connector  | [binance] WS обрыв: Connection closed by remote server, closing code 1008 — реконнект через 30.0s
13:37:36 | WARNING | connector  | [coinex] WS обрыв: 'str' object has no attribute 'get' — реконнект через 30.0s
13:37:48 | WARNING | connector  | [mexc] WS обрыв: mexc watchBidsAsks only support spot market — реконнект через 30.0s
13:37:50 | WARNING | connector  | [kucoin] WS обрыв: kucoinfutures watchBidsAsks() accepts a maximum of 100 symbols — реконнект через 30.0s
13:38:08 | WARNING | connector  | [coinex] WS обрыв: 'str' object has no attribute 'get' — реконнект через 30.0s
13:38:14 | WARNING | connector  | [binance] WS обрыв: Connection closed by remote server, closing code 1008 — реконнект через 30.0s
13:38:19 | WARNING | connector  | [mexc] WS обрыв: mexc watchBidsAsks only support spot market — реконнект через 30.0s
13:38:20 | WARNING | connector  | [kucoin] WS обрыв: kucoinfutures watchBidsAsks() accepts a maximum of 100 symbols — реконнект через 30.0s
13:38:39 | WARNING | connector  | [coinex] WS обрыв: 'str' object has no attribute 'get' — реконнект через 30.0s
13:38:42 | WARNING | connector  | [bitget] WS обрыв: Connection closed by remote server, closing code 1006 — реконнект через 30.0s
13:38:50 | WARNING | connector  | [mexc] WS обрыв: mexc watchBidsAsks only support spot market — реконнект через 30.0s
13:38:52 | WARNING | connector  | [kucoin] WS обрыв: kucoinfutures watchBidsAsks() accepts a maximum of 100 symbols — реконнект через 30.0s
13:38:56 | WARNING | connector  | [binance] WS обрыв: Connection closed by remote server, closing code 1008 — реконнект через 30.0s
13:39:10 | WARNING | connector  | [coinex] WS обрыв: 'str' object has no attribute 'get' — реконнект через 30.0s
13:39:20 | WARNING | connector  | [mexc] WS обрыв: mexc watchBidsAsks only support spot market — реконнект через 30.0s
13:39:22 | WARNING | connector  | [kucoin] WS обрыв: kucoinfutures watchBidsAsks() accepts a maximum of 100 symbols — реконнект через 30.0s
13:39:34 | WARNING | connector  | [binance] WS обрыв: Connection closed by remote server, closing code 1008 — реконнект через 30.0s
13:39:41 | WARNING | connector  | [coinex] WS обрыв: 'str' object has no attribute 'get' — реконнект через 30.0s
13:39:51 | WARNING | connector  | [mexc] WS обрыв: mexc watchBidsAsks only support spot market — реконнект через 30.0s
13:39:53 | WARNING | connector  | [kucoin] WS обрыв: kucoinfutures watchBidsAsks() accepts a maximum of 100 symbols — реконнект через 30.0s
13:40:12 | WARNING | connector  | [coinex] WS обрыв: 'str' object has no attribute 'get' — реконнект через 30.0s
13:40:13 | WARNING | connector  | [binance] WS обрыв: Connection closed by remote server, closing code 1008 — реконнект через 30.0s
13:40:21 | WARNING | connector  | [mexc] WS обрыв: mexc watchBidsAsks only support spot market — реконнект через 30.0s
13:40:24 | WARNING | connector  | [kucoin] WS обрыв: kucoinfutures watchBidsAsks() accepts a maximum of 100 symbols — реконнект через 30.0s
13:40:40 | WARNING | connector  | [bitget] WS обрыв: Connection closed by remote server, closing code 1006 — реконнект через 30.0s
13:40:43 | WARNING | connector  | [coinex] WS обрыв: 'str' object has no attribute 'get' — реконнект через 30.0s
13:40:52 | WARNING | connector  | [binance] WS обрыв: Connection closed by remote server, closing code 1008 — реконнект через 30.0s
13:40:52 | WARNING | connector  | [mexc] WS обрыв: mexc watchBidsAsks only support spot market — реконнект через 30.0s
13:40:54 | WARNING | connector  | [kucoin] WS обрыв: kucoinfutures watchBidsAsks() accepts a maximum of 100 symbols — реконнект через 30.0s
13:41:15 | WARNING | connector  | [coinex] WS обрыв: 'str' object has no attribute 'get' — реконнект через 30.0s
13:41:22 | WARNING | connector  | [mexc] WS обрыв: mexc watchBidsAsks only support spot market — реконнект через 30.0s
13:41:25 | WARNING | connector  | [kucoin] WS обрыв: kucoinfutures watchBidsAsks() accepts a maximum of 100 symbols — реконнект через 30.0s
13:41:31 | WARNING | connector  | [binance] WS обрыв: Connection closed by remote server, closing code 1008 — реконнект через 30.0s
13:41:46 | WARNING | connector  | [coinex] WS обрыв: 'str' object has no attribute 'get' — реконнект через 30.0s
13:41:53 | WARNING | connector  | [mexc] WS обрыв: mexc watchBidsAsks only support spot market — реконнект через 30.0s
13:41:56 | WARNING | connector  | [kucoin] WS обрыв: kucoinfutures watchBidsAsks() accepts a maximum of 100 symbols — реконнект через 30.0s
13:42:12 | WARNING | connector  | [binance] WS обрыв: Connection closed by remote server, closing code 1008 — реконнект через 30.0s
13:42:17 | WARNING | connector  | [coinex] WS обрыв: 'str' object has no attribute 'get' — реконнект через 30.0s
13:42:24 | WARNING | connector  | [mexc] WS обрыв: mexc watchBidsAsks only support spot market — реконнект через 30.0s
13:42:26 | WARNING | connector  | [kucoin] WS обрыв: kucoinfutures watchBidsAsks() accepts a maximum of 100 symbols — реконнект через 30.0s
13:42:36 | WARNING | connector  | [bitget] WS обрыв: Connection closed by remote server, closing code 1006 — реконнект через 30.0s
13:42:50 | WARNING | connector  | [coinex] WS обрыв: 'str' object has no attribute 'get' — реконнект через 30.0s
13:42:53 | WARNING | connector  | [binance] WS обрыв: Connection closed by remote server, closing code 1008 — реконнект через 30.0s
13:42:54 | WARNING | connector  | [mexc] WS обрыв: mexc watchBidsAsks only support spot market — реконнект через 30.0s
13:42:57 | WARNING | connector  | [kucoin] WS обрыв: kucoinfutures watchBidsAsks() accepts a maximum of 100 symbols — реконнект через 30.0s
13:43:21 | WARNING | connector  | [coinex] WS обрыв: 'str' object has no attribute 'get' — реконнект через 30.0s
13:43:26 | WARNING | connector  | [mexc] WS обрыв: mexc watchBidsAsks only support spot market — реконнект через 30.0s
13:43:29 | WARNING | connector  | [kucoin] WS обрыв: kucoinfutures watchBidsAsks() accepts a maximum of 100 symbols — реконнект через 30.0s
13:43:36 | WARNING | connector  | [binance] WS обрыв: Connection closed by remote server, closing code 1008 — реконнект через 30.0s
13:43:52 | WARNING | connector  | [coinex] WS обрыв: 'str' object has no attribute 'get' — реконнект через 30.0s
13:43:57 | WARNING | connector  | [mexc] WS обрыв: mexc watchBidsAsks only support spot market — реконнект через 30.0s
13:43:59 | WARNING | connector  | [kucoin] WS обрыв: kucoinfutures watchBidsAsks() accepts a maximum of 100 symbols — реконнект через 30.0s
13:44:11 | WARNING | connector  | [okx] WS обрыв: Cannot write to closing transport — реконнект через 30.0s
13:44:17 | WARNING | connector  | [binance] WS обрыв: Connection closed by remote server, closing code 1008 — реконнект через 30.0s
13:44:18 | WARNING | connector  | [gateio] WS обрыв: Connection closed by remote server, closing code 1006 — реконнект через 30.0s
13:44:23 | WARNING | connector  | [coinex] WS обрыв: 'str' object has no attribute 'get' — реконнект через 30.0s
13:44:28 | WARNING | connector  | [mexc] WS обрыв: mexc watchBidsAsks only support spot market — реконнект через 30.0s
13:44:30 | WARNING | connector  | [kucoin] WS обрыв: kucoinfutures watchBidsAsks() accepts a maximum of 100 symbols — реконнект через 30.0s
13:44:36 | WARNING | connector  | [bitget] WS обрыв: Connection closed by remote server, closing code 1006 — реконнект через 30.0s
13:44:56 | WARNING | connector  | [coinex] WS обрыв: 'str' object has no attribute 'get' — реконнект через 30.0s
13:44:59 | WARNING | connector  | [mexc] WS обрыв: mexc watchBidsAsks only support spot market — реконнект через 30.0s
13:45:01 | WARNING | connector  | [kucoin] WS обрыв: kucoinfutures watchBidsAsks() accepts a maximum of 100 symbols — реконнект через 30.0s
13:45:15 | WARNING | connector  | [binance] WS обрыв: Connection closed by remote server, closing code 1008 — реконнект через 30.0s
13:45:29 | WARNING | connector  | [bitget] WS обрыв: Connection timeout — реконнект через 30.0s
13:45:31 | WARNING | connector  | [mexc] WS обрыв: mexc watchBidsAsks only support spot market — реконнект через 30.0s
13:45:32 | WARNING | connector  | [coinex] WS обрыв: 'str' object has no attribute 'get' — реконнект через 30.0s
13:45:33 | WARNING | connector  | [kucoin] WS обрыв: kucoinfutures watchBidsAsks() accepts a maximum of 100 symbols — реконнект через 30.0s
13:45:55 | WARNING | connector  | [bybit] WS обрыв: Connection to wss://stream.bybit.com/v5/public/linear timed out due to a ping-pong keepalive missing on time — реконнект через 16.0s
13:45:57 | WARNING | connector  | [gateio] WS обрыв: Connection closed by remote server, closing code 1006 — реконнект через 30.0s
13:45:58 | WARNING | connector  | [binance] WS обрыв: Connection closed by remote server, closing code 1008 — реконнект через 30.0s
13:46:03 | WARNING | connector  | [mexc] WS обрыв: mexc watchBidsAsks only support spot market — реконнект через 30.0s
13:46:05 | WARNING | connector  | [kucoin] WS обрыв: kucoinfutures watchBidsAsks() accepts a maximum of 100 symbols — реконнект через 30.0s
13:46:06 | WARNING | connector  | [coinex] WS обрыв: 'str' object has no attribute 'get' — реконнект через 30.0s
13:46:19 | WARNING | connector  | [bitget] WS обрыв: Connection timeout — реконнект через 30.0s
13:46:37 | WARNING | connector  | [mexc] WS обрыв: mexc watchBidsAsks only support spot market — реконнект через 30.0s
13:46:37 | WARNING | connector  | [kucoin] WS обрыв: kucoinfutures watchBidsAsks() accepts a maximum of 100 symbols — реконнект через 30.0s
13:46:41 | WARNING | connector  | [coinex] WS обрыв: 'str' object has no attribute 'get' — реконнект через 30.0s
13:46:47 | WARNING | connector  | [gateio] WS обрыв: Connection timeout — реконнект через 30.0s
13:46:47 | WARNING | connector  | [binance] WS обрыв: Connection timeout — реконнект через 30.0s
13:47:08 | WARNING | connector  | [mexc] WS обрыв: mexc watchBidsAsks only support spot market — реконнект через 30.0s
13:47:08 | WARNING | connector  | [kucoin] WS обрыв: kucoinfutures watchBidsAsks() accepts a maximum of 100 symbols — реконнект через 30.0s
13:47:12 | WARNING | connector  | [bitget] WS обрыв: Connection timeout — реконнект через 30.0s
13:47:12 | WARNING | connector  | [okx] WS обрыв: Connection timeout — реконнект через 30.0s
13:47:14 | WARNING | connector  | [coinex] WS обрыв: 'str' object has no attribute 'get' — реконнект через 30.0s
13:47:32 | WARNING | connector  | [binance] WS обрыв: Connection timeout — реконнект через 30.0s
13:47:32 | WARNING | connector  | [gateio] WS обрыв: Connection timeout — реконнект через 30.0s
13:47:38 | WARNING | connector  | [mexc] WS обрыв: mexc watchBidsAsks only support spot market — реконнект через 30.0s
13:47:38 | WARNING | connector  | [kucoin] WS обрыв: kucoinfutures watchBidsAsks() accepts a maximum of 100 symbols — реконнект через 30.0s
13:47:48 | WARNING | connector  | [coinex] WS обрыв: 'str' object has no attribute 'get' — реконнект через 30.0s
13:48:02 | WARNING | connector  | [okx] WS обрыв: Connection timeout — реконнект через 30.0s
13:48:02 | WARNING | connector  | [bitget] WS обрыв: Connection timeout — реконнект через 30.0s
13:48:13 | WARNING | connector  | [mexc] WS обрыв: mexc watchBidsAsks only support spot market — реконнект через 30.0s
13:48:13 | WARNING | connector  | [kucoin] WS обрыв: kucoinfutures watchBidsAsks() accepts a maximum of 100 symbols — реконнект через 30.0s
13:48:25 | WARNING | connector  | [binance] WS обрыв: Connection timeout — реконнект через 30.0s
13:48:25 | WARNING | connector  | [gateio] WS обрыв: Connection timeout — реконнект через 30.0s
13:48:25 | WARNING | connector  | [coinex] WS обрыв: 'str' object has no attribute 'get' — реконнект через 30.0s
13:48:46 | WARNING | connector  | [kucoin] WS обрыв: kucoinfutures watchBidsAsks() accepts a maximum of 100 symbols — реконнект через 30.0s
13:48:46 | WARNING | connector  | [mexc] WS обрыв: mexc watchBidsAsks only support spot market — реконнект через 30.0s
13:48:51 | WARNING | connector  | [okx] WS обрыв: Connection timeout — реконнект через 30.0s
13:48:51 | WARNING | connector  | [bitget] WS обрыв: Connection timeout — реконнект через 30.0s
13:49:01 | WARNING | connector  | [coinex] WS обрыв: 'str' object has no attribute 'get' — реконнект через 30.0s
13:49:10 | WARNING | connector  | [binance] WS обрыв: Connection closed by remote server, closing code 1008 — реконнект через 30.0s
13:49:18 | WARNING | connector  | [mexc] WS обрыв: mexc watchBidsAsks only support spot market — реконнект через 30.0s
13:49:18 | WARNING | connector  | [kucoin] WS обрыв: kucoinfutures watchBidsAsks() accepts a maximum of 100 symbols — реконнект через 30.0s
13:49:33 | WARNING | connector  | [coinex] WS обрыв: 'str' object has no attribute 'get' — реконнект через 30.0s
13:49:48 | WARNING | connector  | [mexc] WS обрыв: mexc watchBidsAsks only support spot market — реконнект через 30.0s
13:49:48 | WARNING | connector  | [kucoin] WS обрыв: kucoinfutures watchBidsAsks() accepts a maximum of 100 symbols — реконнект через 30.0s
13:49:52 | WARNING | connector  | [binance] WS обрыв: Connection closed by remote server, closing code 1008 — реконнект через 30.0s
13:50:04 | WARNING | connector  | [coinex] WS обрыв: 'str' object has no attribute 'get' — реконнект через 30.0s
13:50:19 | WARNING | connector  | [kucoin] WS обрыв: kucoinfutures watchBidsAsks() accepts a maximum of 100 symbols — реконнект через 30.0s
13:50:19 | WARNING | connector  | [mexc] WS обрыв: mexc watchBidsAsks only support spot market — реконнект через 30.0s
13:50:34 | WARNING | connector  | [binance] WS обрыв: Connection closed by remote server, closing code 1008 — реконнект через 30.0s
13:50:35 | WARNING | connector  | [gateio] WS обрыв: Connection closed by remote server, closing code 1006 — реконнект через 30.0s
13:50:35 | WARNING | connector  | [coinex] WS обрыв: 'str' object has no attribute 'get' — реконнект через 30.0s
13:50:49 | WARNING | connector  | [kucoin] WS обрыв: kucoinfutures watchBidsAsks() accepts a maximum of 100 symbols — реконнект через 30.0s
13:50:49 | WARNING | connector  | [mexc] WS обрыв: mexc watchBidsAsks only support spot market — реконнект через 30.0s
13:51:02 | WARNING | connector  | [bitget] WS обрыв: Connection to wss://ws.bitget.com/v2/ws/public timed out due to a ping-pong keepalive missing on time — реконнект через 30.0s
13:51:06 | WARNING | connector  | [coinex] WS обрыв: 'str' object has no attribute 'get' — реконнект через 30.0s
13:51:12 | WARNING | connector  | [binance] WS обрыв: Connection closed by remote server, closing code 1008 — реконнект через 30.0s
13:51:20 | WARNING | connector  | [mexc] WS обрыв: mexc watchBidsAsks only support spot market — реконнект через 30.0s
13:51:20 | WARNING | connector  | [kucoin] WS обрыв: kucoinfutures watchBidsAsks() accepts a maximum of 100 symbols — реконнект через 30.0s
13:51:38 | WARNING | connector  | [coinex] WS обрыв: 'str' object has no attribute 'get' — реконнект через 30.0s
13:51:51 | WARNING | connector  | [kucoin] WS обрыв: kucoinfutures watchBidsAsks() accepts a maximum of 100 symbols — реконнект через 30.0s
13:51:51 | WARNING | connector  | [mexc] WS обрыв: mexc watchBidsAsks only support spot market — реконнект через 30.0s
13:51:55 | WARNING | connector  | [binance] WS обрыв: Connection closed by remote server, closing code 1008 — реконнект через 30.0s
13:52:10 | WARNING | connector  | [coinex] WS обрыв: 'str' object has no attribute 'get' — реконнект через 30.0s
13:52:22 | WARNING | connector  | [kucoin] WS обрыв: kucoinfutures watchBidsAsks() accepts a maximum of 100 symbols — реконнект через 30.0s
13:52:22 | WARNING | connector  | [mexc] WS обрыв: mexc watchBidsAsks only support spot market — реконнект через 30.0s
13:52:40 | WARNING | connector  | [binance] WS обрыв: Connection closed by remote server, closing code 1008 — реконнект через 30.0s
13:52:41 | WARNING | connector  | [coinex] WS обрыв: 'str' object has no attribute 'get' — реконнект через 30.0s
13:52:48 | WARNING | connector  | [okx] WS обрыв: Connection closed by remote server, closing code 1006 — реконнект через 30.0s
13:52:52 | WARNING | connector  | [kucoin] WS обрыв: kucoinfutures watchBidsAsks() accepts a maximum of 100 symbols — реконнект через 30.0s
13:52:52 | WARNING | connector  | [mexc] WS обрыв: mexc watchBidsAsks only support spot market — реконнект через 30.0s
13:53:09 | WARNING | connector  | [gateio] WS обрыв: Connection closed by remote server, closing code 1006 — реконнект через 30.0s
13:53:11 | WARNING | connector  | [bitget] WS обрыв: Connection to wss://ws.bitget.com/v2/ws/public timed out due to a ping-pong keepalive missing on time — реконнект через 30.0s
13:53:12 | WARNING | connector  | [coinex] WS обрыв: 'str' object has no attribute 'get' — реконнект через 30.0s
13:53:15 | WARNING | connector  | [binance] WS обрыв: Connection closed by remote server, closing code 1008 — реконнект через 30.0s
13:53:23 | WARNING | connector  | [kucoin] WS обрыв: kucoinfutures watchBidsAsks() accepts a maximum of 100 symbols — реконнект через 30.0s
13:53:23 | WARNING | connector  | [mexc] WS обрыв: mexc watchBidsAsks only support spot market — реконнект через 30.0s
13:53:42 | WARNING | connector  | [coinex] WS обрыв: 'str' object has no attribute 'get' — реконнект через 30.0s
13:53:53 | WARNING | connector  | [kucoin] WS обрыв: kucoinfutures watchBidsAsks() accepts a maximum of 100 symbols — реконнект через 30.0s
13:53:53 | WARNING | connector  | [mexc] WS обрыв: mexc watchBidsAsks only support spot market — реконнект через 30.0s
13:53:55 | WARNING | connector  | [binance] WS обрыв: Connection closed by remote server, closing code 1008 — реконнект через 30.0s
13:54:13 | WARNING | connector  | [coinex] WS обрыв: 'str' object has no attribute 'get' — реконнект через 30.0s
13:54:24 | WARNING | connector  | [mexc] WS обрыв: mexc watchBidsAsks only support spot market — реконнект через 30.0s
13:54:24 | WARNING | connector  | [kucoin] WS обрыв: kucoinfutures watchBidsAsks() accepts a maximum of 100 symbols — реконнект через 30.0s
13:54:40 | WARNING | connector  | [binance] WS обрыв: Connection closed by remote server, closing code 1008 — реконнект через 30.0s
13:54:45 | WARNING | connector  | [coinex] WS обрыв: 'str' object has no attribute 'get' — реконнект через 30.0s
13:54:55 | WARNING | connector  | [mexc] WS обрыв: mexc watchBidsAsks only support spot market — реконнект через 30.0s
13:54:55 | WARNING | connector  | [kucoin] WS обрыв: kucoinfutures watchBidsAsks() accepts a maximum of 100 symbols — реконнект через 30.0s
13:55:16 | WARNING | connector  | [bitget] WS обрыв: Connection to wss://ws.bitget.com/v2/ws/public timed out due to a ping-pong keepalive missing on time — реконнект через 30.0s
13:55:16 | WARNING | connector  | [coinex] WS обрыв: 'str' object has no attribute 'get' — реконнект через 30.0s
13:55:22 | WARNING | connector  | [binance] WS обрыв: Connection closed by remote server, closing code 1008 — реконнект через 30.0s
13:55:25 | WARNING | connector  | [mexc] WS обрыв: mexc watchBidsAsks only support spot market — реконнект через 30.0s
13:55:25 | WARNING | connector  | [kucoin] WS обрыв: kucoinfutures watchBidsAsks() accepts a maximum of 100 symbols — реконнект через 30.0s
13:55:47 | WARNING | connector  | [coinex] WS обрыв: 'str' object has no attribute 'get' — реконнект через 30.0s
13:55:56 | WARNING | connector  | [kucoin] WS обрыв: kucoinfutures watchBidsAsks() accepts a maximum of 100 symbols — реконнект через 30.0s
13:55:56 | WARNING | connector  | [mexc] WS обрыв: mexc watchBidsAsks only support spot market — реконнект через 30.0s
13:56:04 | WARNING | connector  | [binance] WS обрыв: Connection closed by remote server, closing code 1008 — реконнект через 30.0s
13:56:20 | WARNING | connector  | [coinex] WS обрыв: 'str' object has no attribute 'get' — реконнект через 30.0s
13:56:31 | WARNING | connector  | [mexc] WS обрыв: mexc watchBidsAsks only support spot market — реконнект через 30.0s
13:56:31 | WARNING | connector  | [kucoin] WS обрыв: kucoinfutures watchBidsAsks() accepts a maximum of 100 symbols — реконнект через 30.0s
13:56:46 | WARNING | connector  | [binance] WS обрыв: Connection closed by remote server, closing code 1008 — реконнект через 30.0s
13:56:51 | WARNING | connector  | [coinex] WS обрыв: 'str' object has no attribute 'get' — реконнект через 30.0s
13:57:02 | WARNING | connector  | [mexc] WS обрыв: mexc watchBidsAsks only support spot market — реконнект через 30.0s
13:57:02 | WARNING | connector  | [kucoin] WS обрыв: kucoinfutures watchBidsAsks() accepts a maximum of 100 symbols — реконнект через 30.0s
13:57:13 | WARNING | connector  | [gateio] WS обрыв: Connection closed by remote server, closing code 1006 — реконнект через 30.0s
13:57:25 | WARNING | connector  | [coinex] WS обрыв: 'str' object has no attribute 'get' — реконнект через 30.0s
13:57:30 | WARNING | connector  | [binance] WS обрыв: Connection closed by remote server, closing code 1008 — реконнект через 30.0s
13:57:33 | WARNING | connector  | [mexc] WS обрыв: mexc watchBidsAsks only support spot market — реконнект через 30.0s
13:57:33 | WARNING | connector  | [kucoin] WS обрыв: kucoinfutures watchBidsAsks() accepts a maximum of 100 symbols — реконнект через 30.0s
13:57:56 | WARNING | connector  | [coinex] WS обрыв: 'str' object has no attribute 'get' — реконнект через 30.0s
13:58:03 | WARNING | connector  | [kucoin] WS обрыв: kucoinfutures watchBidsAsks() accepts a maximum of 100 symbols — реконнект через 30.0s
13:58:03 | WARNING | connector  | [mexc] WS обрыв: mexc watchBidsAsks only support spot market — реконнект через 30.0s
13:58:14 | WARNING | connector  | [binance] WS обрыв: Connection closed by remote server, closing code 1008 — реконнект через 30.0s
13:58:29 | WARNING | connector  | [coinex] WS обрыв: 'str' object has no attribute 'get' — реконнект через 30.0s
13:58:34 | WARNING | connector  | [mexc] WS обрыв: mexc watchBidsAsks only support spot market — реконнект через 30.0s
13:58:34 | WARNING | connector  | [kucoin] WS обрыв: kucoinfutures watchBidsAsks() accepts a maximum of 100 symbols — реконнект через 30.0s
13:58:50 | WARNING | connector  | [okx] WS обрыв: Connection closed by remote server, closing code 1006 — реконнект через 30.0s
13:58:54 | WARNING | connector  | [binance] WS обрыв: Connection closed by remote server, closing code 1008 — реконнект через 30.0s
13:59:01 | WARNING | connector  | [coinex] WS обрыв: 'str' object has no attribute 'get' — реконнект через 30.0s
13:59:04 | WARNING | connector  | [mexc] WS обрыв: mexc watchBidsAsks only support spot market — реконнект через 30.0s
13:59:04 | WARNING | connector  | [kucoin] WS обрыв: kucoinfutures watchBidsAsks() accepts a maximum of 100 symbols — реконнект через 30.0s
13:59:32 | WARNING | connector  | [binance] WS обрыв: Connection closed by remote server, closing code 1008 — реконнект через 30.0s
13:59:32 | WARNING | connector  | [coinex] WS обрыв: 'str' object has no attribute 'get' — реконнект через 30.0s
13:59:35 | WARNING | connector  | [mexc] WS обрыв: mexc watchBidsAsks only support spot market — реконнект через 30.0s
13:59:35 | WARNING | connector  | [kucoin] WS обрыв: kucoinfutures watchBidsAsks() accepts a maximum of 100 symbols — реконнект через 30.0s
14:00:04 | WARNING | connector  | [coinex] WS обрыв: 'str' object has no attribute 'get' — реконнект через 30.0s
14:00:05 | WARNING | connector  | [mexc] WS обрыв: mexc watchBidsAsks only support spot market — реконнект через 30.0s
14:00:05 | WARNING | connector  | [kucoin] WS обрыв: kucoinfutures watchBidsAsks() accepts a maximum of 100 symbols — реконнект через 30.0s
14:00:12 | WARNING | connector  | [binance] WS обрыв: Connection closed by remote server, closing code 1008 — реконнект через 30.0s
14:00:35 | WARNING | connector  | [coinex] WS обрыв: 'str' object has no attribute 'get' — реконнект через 30.0s
14:00:36 | WARNING | connector  | [mexc] WS обрыв: mexc watchBidsAsks only support spot market — реконнект через 30.0s
14:00:36 | WARNING | connector  | [kucoin] WS обрыв: kucoinfutures watchBidsAsks() accepts a maximum of 100 symbols — реконнект через 30.0s
14:00:55 | WARNING | connector  | [binance] WS обрыв: Connection timeout — реконнект через 30.0s
14:01:06 | WARNING | connector  | [coinex] WS обрыв: 'str' object has no attribute 'get' — реконнект через 30.0s
14:01:07 | WARNING | connector  | [mexc] WS обрыв: mexc watchBidsAsks only support spot market — реконнект через 30.0s
14:01:07 | WARNING | connector  | [kucoin] WS обрыв: kucoinfutures watchBidsAsks() accepts a maximum of 100 symbols — реконнект через 30.0s
14:01:10 | WARNING | connector  | [gateio] WS обрыв: Connection closed by remote server, closing code 1006 — реконнект через 30.0s
14:01:34 | WARNING | connector  | [binance] WS обрыв: Connection closed by remote server, closing code 1008 — реконнект через 30.0s
14:01:37 | WARNING | connector  | [coinex] WS обрыв: 'str' object has no attribute 'get' — реконнект через 30.0s
14:01:37 | WARNING | connector  | [kucoin] WS обрыв: kucoinfutures watchBidsAsks() accepts a maximum of 100 symbols — реконнект через 30.0s
14:01:37 | WARNING | connector  | [mexc] WS обрыв: mexc watchBidsAsks only support spot market — реконнект через 30.0s
14:02:08 | WARNING | connector  | [mexc] WS обрыв: mexc watchBidsAsks only support spot market — реконнект через 30.0s
14:02:08 | WARNING | connector  | [kucoin] WS обрыв: kucoinfutures watchBidsAsks() accepts a maximum of 100 symbols — реконнект через 30.0s
14:02:08 | WARNING | connector  | [coinex] WS обрыв: 'str' object has no attribute 'get' — реконнект через 30.0s
14:02:13 | WARNING | connector  | [binance] WS обрыв: Connection closed by remote server, closing code 1008 — реконнект через 30.0s
14:02:20 | WARNING | connector  | [bitget] WS обрыв: Connection closed by remote server, closing code 1006 — реконнект через 30.0s
14:02:38 | WARNING | connector  | [mexc] WS обрыв: mexc watchBidsAsks only support spot market — реконнект через 30.0s
14:02:38 | WARNING | connector  | [kucoin] WS обрыв: kucoinfutures watchBidsAsks() accepts a maximum of 100 symbols — реконнект через 30.0s
14:02:39 | WARNING | connector  | [coinex] WS обрыв: 'str' object has no attribute 'get' — реконнект через 30.0s
14:02:52 | WARNING | connector  | [binance] WS обрыв: Connection closed by remote server, closing code 1008 — реконнект через 30.0s
14:03:09 | WARNING | connector  | [mexc] WS обрыв: mexc watchBidsAsks only support spot market — реконнект через 30.0s
14:03:09 | WARNING | connector  | [kucoin] WS обрыв: kucoinfutures watchBidsAsks() accepts a maximum of 100 symbols — реконнект через 30.0s
14:03:11 | WARNING | connector  | [coinex] WS обрыв: 'str' object has no attribute 'get' — реконнект через 30.0s
14:03:23 | WARNING | connector  | [gateio] WS обрыв: Connection closed by remote server, closing code 1006 — реконнект через 30.0s
ERROR:    Exception in ASGI application
Traceback (most recent call last):
  File "C:\Users\Vitali\AppData\Local\pypoetry\Cache\virtualenvs\cryptoarb-slUoWR5t-py3.11\Lib\site-packages\uvicorn\protocols\http\h11_impl.py", line 416, in run_asgi
    result = await app(  # type: ignore[func-returns-value]
             ^^^^^^^^^^^^^^^^^^^^^^^^^^^^^^^^^^^^^^^^^^^^^^
  File "C:\Users\Vitali\AppData\Local\pypoetry\Cache\virtualenvs\cryptoarb-slUoWR5t-py3.11\Lib\site-packages\uvicorn\middleware\proxy_headers.py", line 63, in __call__
    return await self.app(scope, receive, send)
           ^^^^^^^^^^^^^^^^^^^^^^^^^^^^^^^^^^^^
  File "C:\Users\Vitali\AppData\Local\pypoetry\Cache\virtualenvs\cryptoarb-slUoWR5t-py3.11\Lib\site-packages\fastapi\applications.py", line 1163, in __call__
    await super().__call__(scope, receive, send)
  File "C:\Users\Vitali\AppData\Local\pypoetry\Cache\virtualenvs\cryptoarb-slUoWR5t-py3.11\Lib\site-packages\starlette\applications.py", line 96, in __call__
    await self.middleware_stack(scope, receive, send)
  File "C:\Users\Vitali\AppData\Local\pypoetry\Cache\virtualenvs\cryptoarb-slUoWR5t-py3.11\Lib\site-packages\starlette\middleware\errors.py", line 186, in __call__
    raise exc
  File "C:\Users\Vitali\AppData\Local\pypoetry\Cache\virtualenvs\cryptoarb-slUoWR5t-py3.11\Lib\site-packages\starlette\middleware\errors.py", line 164, in __call__
    await self.app(scope, receive, _send)
  File "C:\Users\Vitali\AppData\Local\pypoetry\Cache\virtualenvs\cryptoarb-slUoWR5t-py3.11\Lib\site-packages\starlette\middleware\exceptions.py", line 63, in __call__
    await wrap_app_handling_exceptions(self.app, conn)(scope, receive, send)
  File "C:\Users\Vitali\AppData\Local\pypoetry\Cache\virtualenvs\cryptoarb-slUoWR5t-py3.11\Lib\site-packages\starlette\_exception_handler.py", line 53, in wrapped_app
    raise exc
  File "C:\Users\Vitali\AppData\Local\pypoetry\Cache\virtualenvs\cryptoarb-slUoWR5t-py3.11\Lib\site-packages\starlette\_exception_handler.py", line 42, in wrapped_app
    await app(scope, receive, sender)
  File "C:\Users\Vitali\AppData\Local\pypoetry\Cache\virtualenvs\cryptoarb-slUoWR5t-py3.11\Lib\site-packages\fastapi\middleware\asyncexitstack.py", line 18, in __call__
    await self.app(scope, receive, send)
  File "C:\Users\Vitali\AppData\Local\pypoetry\Cache\virtualenvs\cryptoarb-slUoWR5t-py3.11\Lib\site-packages\starlette\routing.py", line 670, in __call__
    await self.middleware_stack(scope, receive, send)
  File "C:\Users\Vitali\AppData\Local\pypoetry\Cache\virtualenvs\cryptoarb-slUoWR5t-py3.11\Lib\site-packages\fastapi\routing.py", line 2734, in app
    await route.handle(scope, receive, send)
  File "C:\Users\Vitali\AppData\Local\pypoetry\Cache\virtualenvs\cryptoarb-slUoWR5t-py3.11\Lib\site-packages\fastapi\routing.py", line 1281, in handle
    await super().handle(scope, receive, send)
  File "C:\Users\Vitali\AppData\Local\pypoetry\Cache\virtualenvs\cryptoarb-slUoWR5t-py3.11\Lib\site-packages\starlette\routing.py", line 280, in handle
    await self.app(scope, receive, send)
  File "C:\Users\Vitali\AppData\Local\pypoetry\Cache\virtualenvs\cryptoarb-slUoWR5t-py3.11\Lib\site-packages\fastapi\routing.py", line 158, in app
    await wrap_app_handling_exceptions(app, request)(scope, receive, send)
  File "C:\Users\Vitali\AppData\Local\pypoetry\Cache\virtualenvs\cryptoarb-slUoWR5t-py3.11\Lib\site-packages\starlette\_exception_handler.py", line 53, in wrapped_app
    raise exc
  File "C:\Users\Vitali\AppData\Local\pypoetry\Cache\virtualenvs\cryptoarb-slUoWR5t-py3.11\Lib\site-packages\starlette\_exception_handler.py", line 42, in wrapped_app
    await app(scope, receive, sender)
  File "C:\Users\Vitali\AppData\Local\pypoetry\Cache\virtualenvs\cryptoarb-slUoWR5t-py3.11\Lib\site-packages\fastapi\routing.py", line 144, in app
    response = await f(request)
               ^^^^^^^^^^^^^^^^
  File "C:\Users\Vitali\AppData\Local\pypoetry\Cache\virtualenvs\cryptoarb-slUoWR5t-py3.11\Lib\site-packages\fastapi\routing.py", line 706, in app
    raw_response = await run_endpoint_function(
                   ^^^^^^^^^^^^^^^^^^^^^^^^^^^^
  File "C:\Users\Vitali\AppData\Local\pypoetry\Cache\virtualenvs\cryptoarb-slUoWR5t-py3.11\Lib\site-packages\fastapi\routing.py", line 352, in run_endpoint_function
    return await dependant.call(**values)
           ^^^^^^^^^^^^^^^^^^^^^^^^^^^^^^
  File "D:\GitHub\CryptoArbitrage\cryptoarb\dashboard\app.py", line 22, in index
    return templates.TemplateResponse("index.html", {"request": request})
           ^^^^^^^^^^^^^^^^^^^^^^^^^^^^^^^^^^^^^^^^^^^^^^^^^^^^^^^^^^^^^^
  File "C:\Users\Vitali\AppData\Local\pypoetry\Cache\virtualenvs\cryptoarb-slUoWR5t-py3.11\Lib\site-packages\starlette\templating.py", line 148, in TemplateResponse
    template = self.get_template(name)
               ^^^^^^^^^^^^^^^^^^^^^^^
  File "C:\Users\Vitali\AppData\Local\pypoetry\Cache\virtualenvs\cryptoarb-slUoWR5t-py3.11\Lib\site-packages\starlette\templating.py", line 115, in get_template
    return self.env.get_template(name)
           ^^^^^^^^^^^^^^^^^^^^^^^^^^^
  File "C:\Users\Vitali\AppData\Local\pypoetry\Cache\virtualenvs\cryptoarb-slUoWR5t-py3.11\Lib\site-packages\jinja2\environment.py", line 1016, in get_template
    return self._load_template(name, globals)
           ^^^^^^^^^^^^^^^^^^^^^^^^^^^^^^^^^^
  File "C:\Users\Vitali\AppData\Local\pypoetry\Cache\virtualenvs\cryptoarb-slUoWR5t-py3.11\Lib\site-packages\jinja2\environment.py", line 964, in _load_template
    template = self.cache.get(cache_key)
               ^^^^^^^^^^^^^^^^^^^^^^^^^
  File "C:\Users\Vitali\AppData\Local\pypoetry\Cache\virtualenvs\cryptoarb-slUoWR5t-py3.11\Lib\site-packages\jinja2\utils.py", line 477, in get
    return self[key]
           ~~~~^^^^^
  File "C:\Users\Vitali\AppData\Local\pypoetry\Cache\virtualenvs\cryptoarb-slUoWR5t-py3.11\Lib\site-packages\jinja2\utils.py", line 515, in __getitem__
    rv = self._mapping[key]
         ~~~~~~~~~~~~~^^^^^
TypeError: unhashable type: 'dict'
14:03:33 | WARNING | connector  | [binance] WS обрыв: Connection closed by remote server, closing code 1008 — реконнект через 30.0s
14:03:39 | WARNING | connector  | [kucoin] WS обрыв: kucoinfutures watchBidsAsks() accepts a maximum of 100 symbols — реконнект через 30.0s
14:03:39 | WARNING | connector  | [mexc] WS обрыв: mexc watchBidsAsks only support spot market — реконнект через 30.0s
14:03:42 | WARNING | connector  | [coinex] WS обрыв: 'str' object has no attribute 'get' — реконнект через 30.0s
14:04:05 | WARNING | connector  | [gateio] WS обрыв: Connection timeout — реконнект через 30.0s
14:04:10 | WARNING | connector  | [kucoin] WS обрыв: kucoinfutures watchBidsAsks() accepts a maximum of 100 symbols — реконнект через 30.0s
14:04:10 | WARNING | connector  | [mexc] WS обрыв: mexc watchBidsAsks only support spot market — реконнект через 30.0s
14:04:13 | WARNING | connector  | [coinex] WS обрыв: 'str' object has no attribute 'get' — реконнект через 30.0s
14:04:14 | WARNING | connector  | [binance] WS обрыв: Connection closed by remote server, closing code 1008 — реконнект через 30.0s
14:04:17 | WARNING | connector  | [okx] WS обрыв: Connection closed by remote server, closing code 1006 — реконнект через 30.0s
14:04:17 | WARNING | connector  | [bitget] WS обрыв: Connection closed by remote server, closing code 1006 — реконнект через 30.0s
14:04:41 | WARNING | connector  | [kucoin] WS обрыв: kucoinfutures watchBidsAsks() accepts a maximum of 100 symbols — реконнект через 30.0s
14:04:41 | WARNING | connector  | [mexc] WS обрыв: mexc watchBidsAsks only support spot market — реконнект через 30.0s
14:04:44 | WARNING | connector  | [coinex] WS обрыв: 'str' object has no attribute 'get' — реконнект через 30.0s
14:04:50 | WARNING | connector  | [binance] WS обрыв: Connection closed by remote server, closing code 1008 — реконнект через 30.0s
14:04:57 | WARNING | connector  | [gateio] WS обрыв: Connection closed by remote server, closing code 1006 — реконнект через 30.0s
14:05:12 | WARNING | connector  | [kucoin] WS обрыв: kucoinfutures watchBidsAsks() accepts a maximum of 100 symbols — реконнект через 30.0s
14:05:12 | WARNING | connector  | [mexc] WS обрыв: mexc watchBidsAsks only support spot market — реконнект через 30.0s
14:05:15 | WARNING | connector  | [coinex] WS обрыв: 'str' object has no attribute 'get' — реконнект через 30.0s
14:05:30 | WARNING | connector  | [binance] WS обрыв: Connection closed by remote server, closing code 1008 — реконнект через 30.0s
14:05:42 | WARNING | connector  | [kucoin] WS обрыв: kucoinfutures watchBidsAsks() accepts a maximum of 100 symbols — реконнект через 30.0s
14:05:42 | WARNING | connector  | [mexc] WS обрыв: mexc watchBidsAsks only support spot market — реконнект через 30.0s
14:05:47 | WARNING | connector  | [coinex] WS обрыв: 'str' object has no attribute 'get' — реконнект через 30.0s
14:05:51 | WARNING | connector  | [bitget] WS обрыв: Connection closed by remote server, closing code 1006 — реконнект через 30.0s
14:06:08 | WARNING | connector  | [binance] WS обрыв: Connection closed by remote server, closing code 1008 — реконнект через 30.0s
14:06:13 | WARNING | connector  | [mexc] WS обрыв: mexc watchBidsAsks only support spot market — реконнект через 30.0s
14:06:13 | WARNING | connector  | [kucoin] WS обрыв: kucoinfutures watchBidsAsks() accepts a maximum of 100 symbols — реконнект через 30.0s
14:06:18 | WARNING | connector  | [coinex] WS обрыв: 'str' object has no attribute 'get' — реконнект через 30.0s
14:06:44 | WARNING | connector  | [kucoin] WS обрыв: kucoinfutures watchBidsAsks() accepts a maximum of 100 symbols — реконнект через 30.0s
14:06:44 | WARNING | connector  | [mexc] WS обрыв: mexc watchBidsAsks only support spot market — реконнект через 30.0s
14:06:48 | WARNING | connector  | [binance] WS обрыв: Connection closed by remote server, closing code 1008 — реконнект через 30.0s
14:06:48 | WARNING | connector  | [coinex] WS обрыв: 'str' object has no attribute 'get' — реконнект через 30.0s
14:07:15 | WARNING | connector  | [kucoin] WS обрыв: kucoinfutures watchBidsAsks() accepts a maximum of 100 symbols — реконнект через 30.0s
14:07:15 | WARNING | connector  | [mexc] WS обрыв: mexc watchBidsAsks only support spot market — реконнект через 30.0s
14:07:20 | WARNING | connector  | [coinex] WS обрыв: 'str' object has no attribute 'get' — реконнект через 30.0s
14:07:31 | WARNING | connector  | [binance] WS обрыв: Connection closed by remote server, closing code 1008 — реконнект через 30.0s
14:07:46 | WARNING | connector  | [mexc] WS обрыв: mexc watchBidsAsks only support spot market — реконнект через 30.0s
14:07:46 | WARNING | connector  | [kucoin] WS обрыв: kucoinfutures watchBidsAsks() accepts a maximum of 100 symbols — реконнект через 30.0s
14:07:51 | WARNING | connector  | [coinex] WS обрыв: 'str' object has no attribute 'get' — реконнект через 30.0s
14:08:12 | WARNING | connector  | [binance] WS обрыв: Connection closed by remote server, closing code 1008 — реконнект через 30.0s
14:08:17 | WARNING | connector  | [mexc] WS обрыв: mexc watchBidsAsks only support spot market — реконнект через 30.0s
14:08:17 | WARNING | connector  | [kucoin] WS обрыв: kucoinfutures watchBidsAsks() accepts a maximum of 100 symbols — реконнект через 30.0s
14:08:23 | WARNING | connector  | [coinex] WS обрыв: 'str' object has no attribute 'get' — реконнект через 30.0s
14:08:40 | WARNING | connector  | [gateio] WS обрыв: Connection closed by remote server, closing code 1006 — реконнект через 30.0s
14:08:47 | WARNING | connector  | [kucoin] WS обрыв: kucoinfutures watchBidsAsks() accepts a maximum of 100 symbols — реконнект через 30.0s
14:08:47 | WARNING | connector  | [mexc] WS обрыв: mexc watchBidsAsks only support spot market — реконнект через 30.0s
14:08:50 | WARNING | connector  | [binance] WS обрыв: Connection closed by remote server, closing code 1008 — реконнект через 30.0s
14:08:54 | WARNING | connector  | [coinex] WS обрыв: 'str' object has no attribute 'get' — реконнект через 30.0s
14:08:57 | WARNING | connector  | [okx] WS обрыв: Connection closed by remote server, closing code 1006 — реконнект через 30.0s
14:09:18 | WARNING | connector  | [kucoin] WS обрыв: kucoinfutures watchBidsAsks() accepts a maximum of 100 symbols — реконнект через 30.0s
14:09:18 | WARNING | connector  | [mexc] WS обрыв: mexc watchBidsAsks only support spot market — реконнект через 30.0s
14:09:26 | WARNING | connector  | [coinex] WS обрыв: 'str' object has no attribute 'get' — реконнект через 30.0s
14:09:31 | WARNING | connector  | [binance] WS обрыв: Connection closed by remote server, closing code 1008 — реконнект через 30.0s
14:09:36 | WARNING | connector  | [bitget] WS обрыв: Connection closed by remote server, closing code 1006 — реконнект через 30.0s
14:09:49 | WARNING | connector  | [kucoin] WS обрыв: kucoinfutures watchBidsAsks() accepts a maximum of 100 symbols — реконнект через 30.0s
14:09:49 | WARNING | connector  | [mexc] WS обрыв: mexc watchBidsAsks only support spot market — реконнект через 30.0s
14:09:57 | WARNING | connector  | [coinex] WS обрыв: 'str' object has no attribute 'get' — реконнект через 30.0s
14:10:09 | WARNING | connector  | [binance] WS обрыв: Connection closed by remote server, closing code 1008 — реконнект через 30.0s
14:10:19 | WARNING | connector  | [kucoin] WS обрыв: kucoinfutures watchBidsAsks() accepts a maximum of 100 symbols — реконнект через 30.0s
14:10:19 | WARNING | connector  | [mexc] WS обрыв: mexc watchBidsAsks only support spot market — реконнект через 30.0s
14:10:29 | WARNING | connector  | [coinex] WS обрыв: 'str' object has no attribute 'get' — реконнект через 30.0s
14:10:48 | WARNING | connector  | [binance] WS обрыв: Connection closed by remote server, closing code 1008 — реконнект через 30.0s
14:10:50 | WARNING | connector  | [mexc] WS обрыв: mexc watchBidsAsks only support spot market — реконнект через 30.0s
14:10:50 | WARNING | connector  | [kucoin] WS обрыв: kucoinfutures watchBidsAsks() accepts a maximum of 100 symbols — реконнект через 30.0s
14:11:01 | WARNING | connector  | [coinex] WS обрыв: 'str' object has no attribute 'get' — реконнект через 30.0s
14:11:05 | WARNING | connector  | [gateio] WS обрыв: Connection closed by remote server, closing code 1006 — реконнект через 30.0s
14:11:21 | WARNING | connector  | [kucoin] WS обрыв: kucoinfutures watchBidsAsks() accepts a maximum of 100 symbols — реконнект через 30.0s
14:11:21 | WARNING | connector  | [mexc] WS обрыв: mexc watchBidsAsks only support spot market — реконнект через 30.0s
14:11:25 | WARNING | connector  | [binance] WS обрыв: Connection closed by remote server, closing code 1008 — реконнект через 30.0s
14:11:32 | WARNING | connector  | [coinex] WS обрыв: 'str' object has no attribute 'get' — реконнект через 30.0s
14:11:41 | WARNING | connector  | [bitget] WS обрыв: Connection closed by remote server, closing code 1006 — реконнект через 30.0s
14:11:51 | WARNING | connector  | [mexc] WS обрыв: mexc watchBidsAsks only support spot market — реконнект через 30.0s
14:11:51 | WARNING | connector  | [kucoin] WS обрыв: kucoinfutures watchBidsAsks() accepts a maximum of 100 symbols — реконнект через 30.0s
14:12:03 | WARNING | connector  | [binance] WS обрыв: Connection closed by remote server, closing code 1008 — реконнект через 30.0s
14:12:03 | WARNING | connector  | [coinex] WS обрыв: 'str' object has no attribute 'get' — реконнект через 30.0s
14:12:22 | WARNING | connector  | [mexc] WS обрыв: mexc watchBidsAsks only support spot market — реконнект через 30.0s
14:12:22 | WARNING | connector  | [kucoin] WS обрыв: kucoinfutures watchBidsAsks() accepts a maximum of 100 symbols — реконнект через 30.0s
14:12:35 | WARNING | connector  | [coinex] WS обрыв: 'str' object has no attribute 'get' — реконнект через 30.0s
14:12:42 | WARNING | connector  | [binance] WS обрыв: Connection closed by remote server, closing code 1008 — реконнект через 30.0s
14:12:52 | WARNING | connector  | [mexc] WS обрыв: mexc watchBidsAsks only support spot market — реконнект через 30.0s
14:12:52 | WARNING | connector  | [kucoin] WS обрыв: kucoinfutures watchBidsAsks() accepts a maximum of 100 symbols — реконнект через 30.0s
14:13:06 | WARNING | connector  | [coinex] WS обрыв: 'str' object has no attribute 'get' — реконнект через 30.0s
14:13:22 | WARNING | connector  | [binance] WS обрыв: Connection closed by remote server, closing code 1008 — реконнект через 30.0s
14:13:22 | WARNING | connector  | [kucoin] WS обрыв: kucoinfutures watchBidsAsks() accepts a maximum of 100 symbols — реконнект через 30.0s
14:13:22 | WARNING | connector  | [mexc] WS обрыв: mexc watchBidsAsks only support spot market — реконнект через 30.0s
14:13:38 | WARNING | connector  | [coinex] WS обрыв: 'str' object has no attribute 'get' — реконнект через 30.0s
14:13:53 | WARNING | connector  | [kucoin] WS обрыв: kucoinfutures watchBidsAsks() accepts a maximum of 100 symbols — реконнект через 30.0s
14:13:53 | WARNING | connector  | [mexc] WS обрыв: mexc watchBidsAsks only support spot market — реконнект через 30.0s
14:13:58 | WARNING | connector  | [binance] WS обрыв: Connection closed by remote server, closing code 1008 — реконнект через 30.0s
14:14:09 | WARNING | connector  | [coinex] WS обрыв: 'str' object has no attribute 'get' — реконнект через 30.0s
14:14:23 | WARNING | connector  | [kucoin] WS обрыв: kucoinfutures watchBidsAsks() accepts a maximum of 100 symbols — реконнект через 30.0s
14:14:23 | WARNING | connector  | [mexc] WS обрыв: mexc watchBidsAsks only support spot market — реконнект через 30.0s
14:14:37 | WARNING | connector  | [binance] WS обрыв: Connection closed by remote server, closing code 1008 — реконнект через 30.0s
14:14:40 | WARNING | connector  | [coinex] WS обрыв: 'str' object has no attribute 'get' — реконнект через 30.0s
14:14:44 | WARNING | connector  | [gateio] WS обрыв: Connection closed by remote server, closing code 1006 — реконнект через 30.0s
14:14:56 | WARNING | connector  | [kucoin] WS обрыв: kucoinfutures watchBidsAsks() accepts a maximum of 100 symbols — реконнект через 30.0s
14:14:56 | WARNING | connector  | [mexc] WS обрыв: mexc watchBidsAsks only support spot market — реконнект через 30.0s
14:15:11 | WARNING | connector  | [coinex] WS обрыв: 'str' object has no attribute 'get' — реконнект через 30.0s
14:15:16 | WARNING | connector  | [binance] WS обрыв: Connection closed by remote server, closing code 1008 — реконнект через 30.0s
14:15:27 | WARNING | connector  | [kucoin] WS обрыв: kucoinfutures watchBidsAsks() accepts a maximum of 100 symbols — реконнект через 30.0s
14:15:27 | WARNING | connector  | [mexc] WS обрыв: mexc watchBidsAsks only support spot market — реконнект через 30.0s
14:15:27 | WARNING | connector  | [bitget] WS обрыв: Connection to wss://ws.bitget.com/v2/ws/public timed out due to a ping-pong keepalive missing on time — реконнект через 30.0s
14:15:43 | WARNING | connector  | [coinex] WS обрыв: 'str' object has no attribute 'get' — реконнект через 30.0s
14:15:58 | WARNING | connector  | [kucoin] WS обрыв: kucoinfutures watchBidsAsks() accepts a maximum of 100 symbols — реконнект через 30.0s
14:15:58 | WARNING | connector  | [mexc] WS обрыв: mexc watchBidsAsks only support spot market — реконнект через 30.0s
14:16:01 | WARNING | connector  | [binance] WS обрыв: Connection closed by remote server, closing code 1008 — реконнект через 30.0s
14:16:14 | WARNING | connector  | [coinex] WS обрыв: 'str' object has no attribute 'get' — реконнект через 30.0s
14:16:29 | WARNING | connector  | [kucoin] WS обрыв: kucoinfutures watchBidsAsks() accepts a maximum of 100 symbols — реконнект через 30.0s
14:16:29 | WARNING | connector  | [mexc] WS обрыв: mexc watchBidsAsks only support spot market — реконнект через 30.0s
14:16:40 | WARNING | connector  | [binance] WS обрыв: Connection closed by remote server, closing code 1008 — реконнект через 30.0s
14:16:46 | WARNING | connector  | [coinex] WS обрыв: 'str' object has no attribute 'get' — реконнект через 30.0s
14:16:59 | WARNING | connector  | [kucoin] WS обрыв: kucoinfutures watchBidsAsks() accepts a maximum of 100 symbols — реконнект через 30.0s
14:16:59 | WARNING | connector  | [mexc] WS обрыв: mexc watchBidsAsks only support spot market — реконнект через 30.0s
14:17:17 | WARNING | connector  | [coinex] WS обрыв: 'str' object has no attribute 'get' — реконнект через 30.0s
14:17:19 | WARNING | connector  | [binance] WS обрыв: Connection closed by remote server, closing code 1008 — реконнект через 30.0s
14:17:27 | WARNING | connector  | [bitget] WS обрыв: Connection closed by remote server, closing code 1006 — реконнект через 30.0s
14:17:29 | WARNING | connector  | [kucoin] WS обрыв: kucoinfutures watchBidsAsks() accepts a maximum of 100 symbols — реконнект через 30.0s
14:17:29 | WARNING | connector  | [mexc] WS обрыв: mexc watchBidsAsks only support spot market — реконнект через 30.0s
14:17:48 | WARNING | connector  | [coinex] WS обрыв: 'str' object has no attribute 'get' — реконнект через 30.0s
14:17:54 | WARNING | connector  | [binance] WS обрыв: Connection closed by remote server, closing code 1008 — реконнект через 30.0s
14:18:00 | WARNING | connector  | [mexc] WS обрыв: mexc watchBidsAsks only support spot market — реконнект через 30.0s
14:18:00 | WARNING | connector  | [kucoin] WS обрыв: kucoinfutures watchBidsAsks() accepts a maximum of 100 symbols — реконнект через 30.0s
14:18:01 | WARNING | connector  | [okx] WS обрыв: Connection closed by remote server, closing code 1006 — реконнект через 30.0s
14:18:19 | WARNING | connector  | [coinex] WS обрыв: 'str' object has no attribute 'get' — реконнект через 30.0s
14:18:28 | WARNING | connector  | [binance] WS обрыв: Connection closed by remote server, closing code 1008 — реконнект через 30.0s
14:18:30 | WARNING | connector  | [kucoin] WS обрыв: kucoinfutures watchBidsAsks() accepts a maximum of 100 symbols — реконнект через 30.0s
14:18:30 | WARNING | connector  | [mexc] WS обрыв: mexc watchBidsAsks only support spot market — реконнект через 30.0s
14:18:49 | WARNING | connector  | [bitget] WS обрыв: Connection closed by remote server, closing code 1006 — реконнект через 30.0s
14:18:49 | WARNING | connector  | [coinex] WS обрыв: 'str' object has no attribute 'get' — реконнект через 30.0s
14:19:00 | WARNING | connector  | [kucoin] WS обрыв: kucoinfutures watchBidsAsks() accepts a maximum of 100 symbols — реконнект через 30.0s
14:19:00 | WARNING | connector  | [mexc] WS обрыв: mexc watchBidsAsks only support spot market — реконнект через 30.0s
14:19:01 | WARNING | connector  | [binance] WS обрыв: Connection closed by remote server, closing code 1008 — реконнект через 30.0s
14:19:20 | WARNING | connector  | [coinex] WS обрыв: 'str' object has no attribute 'get' — реконнект через 30.0s
14:19:30 | WARNING | connector  | [kucoin] WS обрыв: kucoinfutures watchBidsAsks() accepts a maximum of 100 symbols — реконнект через 30.0s
14:19:30 | WARNING | connector  | [mexc] WS обрыв: mexc watchBidsAsks only support spot market — реконнект через 30.0s
14:19:36 | WARNING | connector  | [binance] WS обрыв: Connection closed by remote server, closing code 1008 — реконнект через 30.0s
14:19:51 | WARNING | connector  | [coinex] WS обрыв: 'str' object has no attribute 'get' — реконнект через 30.0s
14:20:01 | WARNING | connector  | [gateio] WS обрыв: Connection closed by remote server, closing code 1006 — реконнект через 30.0s
14:20:01 | WARNING | connector  | [kucoin] WS обрыв: kucoinfutures watchBidsAsks() accepts a maximum of 100 symbols — реконнект через 30.0s
14:20:01 | WARNING | connector  | [mexc] WS обрыв: mexc watchBidsAsks only support spot market — реконнект через 30.0s
14:20:12 | WARNING | connector  | [binance] WS обрыв: Connection closed by remote server, closing code 1008 — реконнект через 30.0s
14:20:21 | WARNING | connector  | [coinex] WS обрыв: 'str' object has no attribute 'get' — реконнект через 30.0s
14:20:31 | WARNING | connector  | [mexc] WS обрыв: mexc watchBidsAsks only support spot market — реконнект через 30.0s
14:20:31 | WARNING | connector  | [kucoin] WS обрыв: kucoinfutures watchBidsAsks() accepts a maximum of 100 symbols — реконнект через 30.0s
14:20:32 | WARNING | connector  | [bitget] WS обрыв: Connection closed by remote server, closing code 1006 — реконнект через 30.0s
14:20:45 | WARNING | connector  | [binance] WS обрыв: Connection closed by remote server, closing code 1008 — реконнект через 30.0s
14:20:52 | WARNING | connector  | [coinex] WS обрыв: 'str' object has no attribute 'get' — реконнект через 30.0s
14:21:02 | WARNING | connector  | [mexc] WS обрыв: mexc watchBidsAsks only support spot market — реконнект через 30.0s
14:21:02 | WARNING | connector  | [kucoin] WS обрыв: kucoinfutures watchBidsAsks() accepts a maximum of 100 symbols — реконнект через 30.0s
14:21:22 | WARNING | connector  | [binance] WS обрыв: Connection closed by remote server, closing code 1008 — реконнект через 30.0s
14:21:22 | WARNING | connector  | [coinex] WS обрыв: 'str' object has no attribute 'get' — реконнект через 30.0s
14:21:32 | WARNING | connector  | [kucoin] WS обрыв: kucoinfutures watchBidsAsks() accepts a maximum of 100 symbols — реконнект через 30.0s
14:21:32 | WARNING | connector  | [mexc] WS обрыв: mexc watchBidsAsks only support spot market — реконнект через 30.0s
14:21:53 | WARNING | connector  | [coinex] WS обрыв: 'str' object has no attribute 'get' — реконнект через 30.0s
14:22:00 | WARNING | connector  | [binance] WS обрыв: Connection closed by remote server, closing code 1008 — реконнект через 30.0s
14:22:03 | WARNING | connector  | [mexc] WS обрыв: mexc watchBidsAsks only support spot market — реконнект через 30.0s
14:22:03 | WARNING | connector  | [kucoin] WS обрыв: kucoinfutures watchBidsAsks() accepts a maximum of 100 symbols — реконнект через 30.0s
14:22:04 | WARNING | connector  | [bitget] WS обрыв: Connection closed by remote server, closing code 1006 — реконнект через 30.0s
14:22:13 | WARNING | connector  | [gateio] WS обрыв: Connection closed by remote server, closing code 1006 — реконнект через 30.0s
14:22:25 | WARNING | connector  | [coinex] WS обрыв: 'str' object has no attribute 'get' — реконнект через 30.0s
14:22:34 | WARNING | connector  | [mexc] WS обрыв: mexc watchBidsAsks only support spot market — реконнект через 30.0s
14:22:34 | WARNING | connector  | [kucoin] WS обрыв: kucoinfutures watchBidsAsks() accepts a maximum of 100 symbols — реконнект через 30.0s
14:22:42 | WARNING | connector  | [binance] WS обрыв: Connection closed by remote server, closing code 1008 — реконнект через 30.0s
14:22:56 | WARNING | connector  | [coinex] WS обрыв: 'str' object has no attribute 'get' — реконнект через 30.0s
14:23:06 | WARNING | connector  | [kucoin] WS обрыв: kucoinfutures watchBidsAsks() accepts a maximum of 100 symbols — реконнект через 30.0s
14:23:06 | WARNING | connector  | [mexc] WS обрыв: mexc watchBidsAsks only support spot market — реконнект через 30.0s
14:23:17 | WARNING | connector  | [gateio] WS обрыв: Connection closed by remote server, closing code 1006 — реконнект через 30.0s
14:23:27 | WARNING | connector  | [binance] WS обрыв: Connection closed by remote server, closing code 1008 — реконнект через 30.0s
14:23:28 | WARNING | connector  | [coinex] WS обрыв: 'str' object has no attribute 'get' — реконнект через 30.0s
14:23:37 | WARNING | connector  | [kucoin] WS обрыв: kucoinfutures watchBidsAsks() accepts a maximum of 100 symbols — реконнект через 30.0s
14:23:37 | WARNING | connector  | [mexc] WS обрыв: mexc watchBidsAsks only support spot market — реконнект через 30.0s
14:24:00 | WARNING | connector  | [coinex] WS обрыв: 'str' object has no attribute 'get' — реконнект через 30.0s
14:24:08 | WARNING | connector  | [kucoin] WS обрыв: kucoinfutures watchBidsAsks() accepts a maximum of 100 symbols — реконнект через 30.0s
14:24:08 | WARNING | connector  | [mexc] WS обрыв: mexc watchBidsAsks only support spot market — реконнект через 30.0s
14:24:09 | WARNING | connector  | [binance] WS обрыв: Connection closed by remote server, closing code 1008 — реконнект через 30.0s
14:24:11 | WARNING | connector  | [bitget] WS обрыв: Connection closed by remote server, closing code 1006 — реконнект через 30.0s
14:24:31 | WARNING | connector  | [coinex] WS обрыв: 'str' object has no attribute 'get' — реконнект через 30.0s
14:24:39 | WARNING | connector  | [mexc] WS обрыв: mexc watchBidsAsks only support spot market — реконнект через 30.0s
14:24:39 | WARNING | connector  | [kucoin] WS обрыв: kucoinfutures watchBidsAsks() accepts a maximum of 100 symbols — реконнект через 30.0s
14:24:50 | WARNING | connector  | [binance] WS обрыв: Connection closed by remote server, closing code 1008 — реконнект через 30.0s
14:25:02 | WARNING | connector  | [coinex] WS обрыв: 'str' object has no attribute 'get' — реконнект через 30.0s
14:25:10 | WARNING | connector  | [mexc] WS обрыв: mexc watchBidsAsks only support spot market — реконнект через 30.0s
14:25:10 | WARNING | connector  | [kucoin] WS обрыв: kucoinfutures watchBidsAsks() accepts a maximum of 100 symbols — реконнект через 30.0s
14:25:33 | WARNING | connector  | [binance] WS обрыв: Connection closed by remote server, closing code 1008 — реконнект через 30.0s
14:25:34 | WARNING | connector  | [coinex] WS обрыв: 'str' object has no attribute 'get' — реконнект через 30.0s
14:25:41 | WARNING | connector  | [mexc] WS обрыв: mexc watchBidsAsks only support spot market — реконнект через 30.0s
14:25:41 | WARNING | connector  | [kucoin] WS обрыв: kucoinfutures watchBidsAsks() accepts a maximum of 100 symbols — реконнект через 30.0s
14:26:06 | WARNING | connector  | [coinex] WS обрыв: 'str' object has no attribute 'get' — реконнект через 30.0s
14:26:11 | WARNING | connector  | [mexc] WS обрыв: mexc watchBidsAsks only support spot market — реконнект через 30.0s
14:26:11 | WARNING | connector  | [kucoin] WS обрыв: kucoinfutures watchBidsAsks() accepts a maximum of 100 symbols — реконнект через 30.0s
14:26:15 | WARNING | connector  | [binance] WS обрыв: Connection closed by remote server, closing code 1008 — реконнект через 30.0s
14:26:16 | WARNING | connector  | [okx] WS обрыв: Connection closed by remote server, closing code 1006 — реконнект через 30.0s
14:26:21 | WARNING | connector  | [bitget] WS обрыв: Connection closed by remote server, closing code 1006 — реконнект через 30.0s
14:26:27 | WARNING | connector  | [gateio] WS обрыв: Connection closed by remote server, closing code 1006 — реконнект через 30.0s
14:26:36 | WARNING | connector  | [coinex] WS обрыв: 'str' object has no attribute 'get' — реконнект через 30.0s
14:26:42 | WARNING | connector  | [kucoin] WS обрыв: kucoinfutures watchBidsAsks() accepts a maximum of 100 symbols — реконнект через 30.0s
14:26:42 | WARNING | connector  | [mexc] WS обрыв: mexc watchBidsAsks only support spot market — реконнект через 30.0s
14:26:47 | WARNING | connector  | [binance] WS обрыв: Connection closed by remote server, closing code 1008 — реконнект через 30.0s
14:27:08 | WARNING | connector  | [coinex] WS обрыв: 'str' object has no attribute 'get' — реконнект через 30.0s
14:27:13 | WARNING | connector  | [kucoin] WS обрыв: kucoinfutures watchBidsAsks() accepts a maximum of 100 symbols — реконнект через 30.0s
14:27:13 | WARNING | connector  | [mexc] WS обрыв: mexc watchBidsAsks only support spot market — реконнект через 30.0s
14:27:28 | WARNING | connector  | [binance] WS обрыв: Connection closed by remote server, closing code 1008 — реконнект через 30.0s
14:27:39 | WARNING | connector  | [coinex] WS обрыв: 'str' object has no attribute 'get' — реконнект через 30.0s
14:27:44 | WARNING | connector  | [mexc] WS обрыв: mexc watchBidsAsks only support spot market — реконнект через 30.0s
14:27:44 | WARNING | connector  | [kucoin] WS обрыв: kucoinfutures watchBidsAsks() accepts a maximum of 100 symbols — реконнект через 30.0s
14:27:56 | WARNING | connector  | [bitget] WS обрыв: Connection closed by remote server, closing code 1006 — реконнект через 30.0s
14:28:11 | WARNING | connector  | [coinex] WS обрыв: 'str' object has no attribute 'get' — реконнект через 30.0s
14:28:11 | WARNING | connector  | [binance] WS обрыв: Connection timeout — реконнект через 30.0s
14:28:14 | WARNING | connector  | [mexc] WS обрыв: mexc watchBidsAsks only support spot market — реконнект через 30.0s
14:28:14 | WARNING | connector  | [kucoin] WS обрыв: kucoinfutures watchBidsAsks() accepts a maximum of 100 symbols — реконнект через 30.0s
14:28:22 | WARNING | connector  | [okx] WS обрыв: Connection to wss://ws.okx.com:8443/ws/v5/public timed out due to a ping-pong keepalive missing on time — реконнект через 30.0s
14:28:44 | WARNING | connector  | [mexc] WS обрыв: mexc watchBidsAsks only support spot market — реконнект через 30.0s
14:28:44 | WARNING | connector  | [kucoin] WS обрыв: kucoinfutures watchBidsAsks() accepts a maximum of 100 symbols — реконнект через 30.0s
14:28:46 | WARNING | connector  | [coinex] WS обрыв: 'str' object has no attribute 'get' — реконнект через 30.0s
14:28:46 | WARNING | connector  | [binance] WS обрыв: Connection closed by remote server, closing code 1008 — реконнект через 30.0s
14:28:48 | WARNING | connector  | [bybit] WS обрыв: Connection to wss://stream.bybit.com/v5/public/linear timed out due to a ping-pong keepalive missing on time — реконнект через 30.0s
14:29:15 | WARNING | connector  | [mexc] WS обрыв: mexc watchBidsAsks only support spot market — реконнект через 30.0s
14:29:15 | WARNING | connector  | [kucoin] WS обрыв: kucoinfutures watchBidsAsks() accepts a maximum of 100 symbols — реконнект через 30.0s
14:29:18 | WARNING | connector  | [coinex] WS обрыв: 'str' object has no attribute 'get' — реконнект через 30.0s
14:29:20 | WARNING | connector  | [bitget] WS обрыв: Connection closed by remote server, closing code 1006 — реконнект через 30.0s
14:29:23 | WARNING | connector  | [binance] WS обрыв: Connection closed by remote server, closing code 1008 — реконнект через 30.0s
14:29:45 | WARNING | connector  | [mexc] WS обрыв: mexc watchBidsAsks only support spot market — реконнект через 30.0s
14:29:45 | WARNING | connector  | [kucoin] WS обрыв: kucoinfutures watchBidsAsks() accepts a maximum of 100 symbols — реконнект через 30.0s
14:29:49 | WARNING | connector  | [coinex] WS обрыв: 'str' object has no attribute 'get' — реконнект через 30.0s
14:30:03 | WARNING | connector  | [binance] WS обрыв: Connection closed by remote server, closing code 1008 — реконнект через 30.0s
14:30:16 | WARNING | connector  | [mexc] WS обрыв: mexc watchBidsAsks only support spot market — реконнект через 30.0s
14:30:16 | WARNING | connector  | [kucoin] WS обрыв: kucoinfutures watchBidsAsks() accepts a maximum of 100 symbols — реконнект через 30.0s
14:30:21 | WARNING | connector  | [coinex] WS обрыв: 'str' object has no attribute 'get' — реконнект через 30.0s
14:30:45 | WARNING | connector  | [binance] WS обрыв: Connection closed by remote server, closing code 1008 — реконнект через 30.0s
14:30:47 | WARNING | connector  | [kucoin] WS обрыв: kucoinfutures watchBidsAsks() accepts a maximum of 100 symbols — реконнект через 30.0s
14:30:47 | WARNING | connector  | [mexc] WS обрыв: mexc watchBidsAsks only support spot market — реконнект через 30.0s
14:30:53 | WARNING | connector  | [coinex] WS обрыв: 'str' object has no attribute 'get' — реконнект через 30.0s
14:31:18 | WARNING | connector  | [mexc] WS обрыв: mexc watchBidsAsks only support spot market — реконнект через 30.0s
14:31:18 | WARNING | connector  | [kucoin] WS обрыв: kucoinfutures watchBidsAsks() accepts a maximum of 100 symbols — реконнект через 30.0s
14:31:25 | WARNING | connector  | [coinex] WS обрыв: 'str' object has no attribute 'get' — реконнект через 30.0s
14:31:29 | WARNING | connector  | [binance] WS обрыв: Connection closed by remote server, closing code 1008 — реконнект через 30.0s
14:31:49 | WARNING | connector  | [mexc] WS обрыв: mexc watchBidsAsks only support spot market — реконнект через 30.0s
14:31:49 | WARNING | connector  | [kucoin] WS обрыв: kucoinfutures watchBidsAsks() accepts a maximum of 100 symbols — реконнект через 30.0s
14:31:57 | WARNING | connector  | [coinex] WS обрыв: 'str' object has no attribute 'get' — реконнект через 30.0s
14:32:08 | WARNING | connector  | [gateio] WS обрыв: Connection closed by remote server, closing code 1006 — реконнект через 30.0s
14:32:14 | WARNING | connector  | [binance] WS обрыв: Connection timeout — реконнект через 30.0s
14:32:20 | WARNING | connector  | [mexc] WS обрыв: mexc watchBidsAsks only support spot market — реконнект через 30.0s
14:32:20 | WARNING | connector  | [kucoin] WS обрыв: kucoinfutures watchBidsAsks() accepts a maximum of 100 symbols — реконнект через 30.0s
14:32:29 | WARNING | connector  | [coinex] WS обрыв: 'str' object has no attribute 'get' — реконнект через 30.0s
14:32:51 | WARNING | connector  | [mexc] WS обрыв: mexc watchBidsAsks only support spot market — реконнект через 30.0s
14:32:51 | WARNING | connector  | [kucoin] WS обрыв: kucoinfutures watchBidsAsks() accepts a maximum of 100 symbols — реконнект через 30.0s
14:32:59 | WARNING | connector  | [binance] WS обрыв: Connection closed by remote server, closing code 1008 — реконнект через 30.0s
14:33:01 | WARNING | connector  | [coinex] WS обрыв: 'str' object has no attribute 'get' — реконнект через 30.0s
14:33:06 | WARNING | connector  | [okx] WS обрыв: Connection closed by remote server, closing code 1006 — реконнект через 30.0s
14:33:21 | WARNING | connector  | [mexc] WS обрыв: mexc watchBidsAsks only support spot market — реконнект через 30.0s
14:33:21 | WARNING | connector  | [kucoin] WS обрыв: kucoinfutures watchBidsAsks() accepts a maximum of 100 symbols — реконнект через 30.0s
14:33:32 | WARNING | connector  | [coinex] WS обрыв: 'str' object has no attribute 'get' — реконнект через 30.0s
14:33:39 | WARNING | connector  | [binance] WS обрыв: Connection closed by remote server, closing code 1008 — реконнект через 30.0s
14:33:52 | WARNING | connector  | [mexc] WS обрыв: mexc watchBidsAsks only support spot market — реконнект через 30.0s
14:33:52 | WARNING | connector  | [kucoin] WS обрыв: kucoinfutures watchBidsAsks() accepts a maximum of 100 symbols — реконнект через 30.0s
14:34:04 | WARNING | connector  | [coinex] WS обрыв: 'str' object has no attribute 'get' — реконнект через 30.0s
14:34:22 | WARNING | connector  | [mexc] WS обрыв: mexc watchBidsAsks only support spot market — реконнект через 30.0s
14:34:22 | WARNING | connector  | [kucoin] WS обрыв: kucoinfutures watchBidsAsks() accepts a maximum of 100 symbols — реконнект через 30.0s
14:34:25 | WARNING | connector  | [binance] WS обрыв: Connection closed by remote server, closing code 1008 — реконнект через 30.0s
14:34:36 | WARNING | connector  | [coinex] WS обрыв: 'str' object has no attribute 'get' — реконнект через 30.0s
14:34:53 | WARNING | connector  | [kucoin] WS обрыв: kucoinfutures watchBidsAsks() accepts a maximum of 100 symbols — реконнект через 30.0s
14:34:53 | WARNING | connector  | [mexc] WS обрыв: mexc watchBidsAsks only support spot market — реконнект через 30.0s
14:35:08 | WARNING | connector  | [coinex] WS обрыв: 'str' object has no attribute 'get' — реконнект через 30.0s
14:35:11 | WARNING | connector  | [binance] WS обрыв: Connection closed by remote server, closing code 1008 — реконнект через 30.0s
14:35:25 | WARNING | connector  | [kucoin] WS обрыв: kucoinfutures watchBidsAsks() accepts a maximum of 100 symbols — реконнект через 30.0s
14:35:25 | WARNING | connector  | [mexc] WS обрыв: mexc watchBidsAsks only support spot market — реконнект через 30.0s
14:35:39 | WARNING | connector  | [coinex] WS обрыв: 'str' object has no attribute 'get' — реконнект через 30.0s
14:35:52 | WARNING | connector  | [binance] WS обрыв: Connection closed by remote server, closing code 1008 — реконнект через 30.0s
14:35:55 | WARNING | connector  | [mexc] WS обрыв: mexc watchBidsAsks only support spot market — реконнект через 30.0s
14:35:55 | WARNING | connector  | [kucoin] WS обрыв: kucoinfutures watchBidsAsks() accepts a maximum of 100 symbols — реконнект через 30.0s
14:36:02 | WARNING | connector  | [bybit] WS обрыв: Connection closed by remote server, closing code 1006 — реконнект через 30.0s
14:36:10 | WARNING | connector  | [coinex] WS обрыв: 'str' object has no attribute 'get' — реконнект через 30.0s
14:36:20 | WARNING | connector  | [okx] WS обрыв: Connection closed by remote server, closing code 1006 — реконнект через 30.0s
14:36:25 | WARNING | connector  | [mexc] WS обрыв: mexc watchBidsAsks only support spot market — реконнект через 30.0s
14:36:25 | WARNING | connector  | [kucoin] WS обрыв: kucoinfutures watchBidsAsks() accepts a maximum of 100 symbols — реконнект через 30.0s
14:36:27 | WARNING | connector  | [binance] WS обрыв: Connection closed by remote server, closing code 1008 — реконнект через 30.0s
14:36:31 | WARNING | connector  | [bitget] WS обрыв: Connection closed by remote server, closing code 1006 — реконнект через 30.0s
14:36:40 | WARNING | connector  | [coinex] WS обрыв: 'str' object has no attribute 'get' — реконнект через 30.0s
14:36:56 | WARNING | connector  | [kucoin] WS обрыв: kucoinfutures watchBidsAsks() accepts a maximum of 100 symbols — реконнект через 30.0s
14:36:56 | WARNING | connector  | [mexc] WS обрыв: mexc watchBidsAsks only support spot market — реконнект через 30.0s
14:37:00 | WARNING | connector  | [gateio] WS обрыв: Connection closed by remote server, closing code 1006 — реконнект через 30.0s
14:37:08 | WARNING | connector  | [binance] WS обрыв: Connection closed by remote server, closing code 1008 — реконнект через 30.0s
14:37:11 | WARNING | connector  | [coinex] WS обрыв: 'str' object has no attribute 'get' — реконнект через 30.0s
14:37:26 | WARNING | connector  | [mexc] WS обрыв: mexc watchBidsAsks only support spot market — реконнект через 30.0s
14:37:26 | WARNING | connector  | [kucoin] WS обрыв: kucoinfutures watchBidsAsks() accepts a maximum of 100 symbols — реконнект через 30.0s
14:37:43 | WARNING | connector  | [coinex] WS обрыв: 'str' object has no attribute 'get' — реконнект через 30.0s
14:37:52 | WARNING | connector  | [binance] WS обрыв: Connection closed by remote server, closing code 1008 — реконнект через 30.0s
14:37:57 | WARNING | connector  | [kucoin] WS обрыв: kucoinfutures watchBidsAsks() accepts a maximum of 100 symbols — реконнект через 30.0s
14:37:57 | WARNING | connector  | [mexc] WS обрыв: mexc watchBidsAsks only support spot market — реконнект через 30.0s
14:38:15 | WARNING | connector  | [coinex] WS обрыв: 'str' object has no attribute 'get' — реконнект через 30.0s
14:38:27 | WARNING | connector  | [kucoin] WS обрыв: kucoinfutures watchBidsAsks() accepts a maximum of 100 symbols — реконнект через 30.0s
14:38:27 | WARNING | connector  | [mexc] WS обрыв: mexc watchBidsAsks only support spot market — реконнект через 30.0s
14:38:32 | WARNING | connector  | [binance] WS обрыв: Connection closed by remote server, closing code 1008 — реконнект через 30.0s
14:38:43 | WARNING | connector  | [bitget] WS обрыв: Connection to wss://ws.bitget.com/v2/ws/public timed out due to a ping-pong keepalive missing on time — реконнект через 30.0s
14:38:46 | WARNING | connector  | [coinex] WS обрыв: 'str' object has no attribute 'get' — реконнект через 30.0s
14:38:56 | WARNING | connector  | [bybit] WS обрыв: Connection closed by remote server, closing code 1006 — реконнект через 30.0s
14:38:58 | WARNING | connector  | [kucoin] WS обрыв: kucoinfutures watchBidsAsks() accepts a maximum of 100 symbols — реконнект через 30.0s
14:38:58 | WARNING | connector  | [mexc] WS обрыв: mexc watchBidsAsks only support spot market — реконнект через 30.0s
14:39:00 | WARNING | connector  | [gateio] WS обрыв: Connection closed by remote server, closing code 1006 — реконнект через 30.0s
14:39:07 | WARNING | connector  | [binance] WS обрыв: Connection closed by remote server, closing code 1008 — реконнект через 30.0s
14:39:15 | WARNING | connector  | [okx] WS обрыв: Connection closed by remote server, closing code 1006 — реконнект через 30.0s
14:39:16 | WARNING | connector  | [coinex] WS обрыв: 'str' object has no attribute 'get' — реконнект через 30.0s
14:39:28 | WARNING | connector  | [kucoin] WS обрыв: kucoinfutures watchBidsAsks() accepts a maximum of 100 symbols — реконнект через 30.0s
14:39:28 | WARNING | connector  | [mexc] WS обрыв: mexc watchBidsAsks only support spot market — реконнект через 30.0s
14:39:30 | WARNING | connector  | [bitget] WS обрыв: Connection closed by remote server, closing code 1006 — реконнект через 30.0s
14:39:45 | WARNING | connector  | [binance] WS обрыв: Connection closed by remote server, closing code 1008 — реконнект через 30.0s
14:39:46 | WARNING | connector  | [coinex] WS обрыв: 'str' object has no attribute 'get' — реконнект через 30.0s
14:39:59 | WARNING | connector  | [mexc] WS обрыв: mexc watchBidsAsks only support spot market — реконнект через 30.0s
14:39:59 | WARNING | connector  | [kucoin] WS обрыв: kucoinfutures watchBidsAsks() accepts a maximum of 100 symbols — реконнект через 30.0s
14:40:18 | WARNING | connector  | [coinex] WS обрыв: 'str' object has no attribute 'get' — реконнект через 30.0s
14:40:29 | WARNING | connector  | [binance] WS обрыв: Connection closed by remote server, closing code 1008 — реконнект через 30.0s
14:40:30 | WARNING | connector  | [mexc] WS обрыв: mexc watchBidsAsks only support spot market — реконнект через 30.0s
14:40:30 | WARNING | connector  | [kucoin] WS обрыв: kucoinfutures watchBidsAsks() accepts a maximum of 100 symbols — реконнект через 30.0s
14:40:50 | WARNING | connector  | [coinex] WS обрыв: 'str' object has no attribute 'get' — реконнект через 30.0s
14:41:01 | WARNING | connector  | [mexc] WS обрыв: mexc watchBidsAsks only support spot market — реконнект через 30.0s
14:41:01 | WARNING | connector  | [kucoin] WS обрыв: kucoinfutures watchBidsAsks() accepts a maximum of 100 symbols — реконнект через 30.0s
14:41:03 | WARNING | connector  | [bybit] WS обрыв: Connection to wss://stream.bybit.com/v5/public/linear timed out due to a ping-pong keepalive missing on time — реконнект через 30.0s
14:41:13 | WARNING | connector  | [binance] WS обрыв: Connection closed by remote server, closing code 1008 — реконнект через 30.0s
14:41:22 | WARNING | connector  | [coinex] WS обрыв: 'str' object has no attribute 'get' — реконнект через 30.0s
14:41:29 | WARNING | connector  | [gateio] WS обрыв: Connection closed by remote server, closing code 1006 — реконнект через 30.0s
14:41:32 | WARNING | connector  | [mexc] WS обрыв: mexc watchBidsAsks only support spot market — реконнект через 30.0s
14:41:32 | WARNING | connector  | [kucoin] WS обрыв: kucoinfutures watchBidsAsks() accepts a maximum of 100 symbols — реконнект через 30.0s
14:41:54 | WARNING | connector  | [coinex] WS обрыв: 'str' object has no attribute 'get' — реконнект через 30.0s
14:41:55 | WARNING | connector  | [binance] WS обрыв: Connection closed by remote server, closing code 1008 — реконнект через 30.0s
14:42:01 | WARNING | connector  | [okx] WS обрыв: Connection closed by remote server, closing code 1006 — реконнект через 30.0s
14:42:03 | WARNING | connector  | [mexc] WS обрыв: mexc watchBidsAsks only support spot market — реконнект через 30.0s
14:42:03 | WARNING | connector  | [kucoin] WS обрыв: kucoinfutures watchBidsAsks() accepts a maximum of 100 symbols — реконнект через 30.0s
14:42:25 | WARNING | connector  | [coinex] WS обрыв: 'str' object has no attribute 'get' — реконнект через 30.0s
14:42:34 | WARNING | connector  | [mexc] WS обрыв: mexc watchBidsAsks only support spot market — реконнект через 30.0s
14:42:34 | WARNING | connector  | [kucoin] WS обрыв: kucoinfutures watchBidsAsks() accepts a maximum of 100 symbols — реконнект через 30.0s
14:42:36 | WARNING | connector  | [binance] WS обрыв: Connection closed by remote server, closing code 1008 — реконнект через 30.0s
14:42:42 | WARNING | connector  | [gateio] WS обрыв: Connection closed by remote server, closing code 1006 — реконнект через 30.0s
14:42:57 | WARNING | connector  | [coinex] WS обрыв: 'str' object has no attribute 'get' — реконнект через 30.0s
14:43:05 | WARNING | connector  | [mexc] WS обрыв: mexc watchBidsAsks only support spot market — реконнект через 30.0s
14:43:05 | WARNING | connector  | [kucoin] WS обрыв: kucoinfutures watchBidsAsks() accepts a maximum of 100 symbols — реконнект через 30.0s
14:43:18 | WARNING | connector  | [binance] WS обрыв: Connection closed by remote server, closing code 1008 — реконнект через 30.0s
14:43:29 | WARNING | connector  | [coinex] WS обрыв: 'str' object has no attribute 'get' — реконнект через 30.0s
14:43:36 | WARNING | connector  | [mexc] WS обрыв: mexc watchBidsAsks only support spot market — реконнект через 30.0s
14:43:36 | WARNING | connector  | [kucoin] WS обрыв: kucoinfutures watchBidsAsks() accepts a maximum of 100 symbols — реконнект через 30.0s
14:44:01 | WARNING | connector  | [coinex] WS обрыв: 'str' object has no attribute 'get' — реконнект через 30.0s
14:44:02 | WARNING | connector  | [binance] WS обрыв: Connection closed by remote server, closing code 1008 — реконнект через 30.0s
14:44:07 | WARNING | connector  | [kucoin] WS обрыв: kucoinfutures watchBidsAsks() accepts a maximum of 100 symbols — реконнект через 30.0s
14:44:07 | WARNING | connector  | [mexc] WS обрыв: mexc watchBidsAsks only support spot market — реконнект через 30.0s
14:44:35 | WARNING | connector  | [coinex] WS обрыв: 'str' object has no attribute 'get' — реконнект через 30.0s
14:44:38 | WARNING | connector  | [mexc] WS обрыв: mexc watchBidsAsks only support spot market — реконнект через 30.0s
14:44:38 | WARNING | connector  | [kucoin] WS обрыв: kucoinfutures watchBidsAsks() accepts a maximum of 100 symbols — реконнект через 30.0s
14:44:46 | WARNING | connector  | [binance] WS обрыв: Connection closed by remote server, closing code 1008 — реконнект через 30.0s
14:45:08 | WARNING | connector  | [coinex] WS обрыв: 'str' object has no attribute 'get' — реконнект через 30.0s
14:45:09 | WARNING | connector  | [kucoin] WS обрыв: kucoinfutures watchBidsAsks() accepts a maximum of 100 symbols — реконнект через 30.0s
14:45:09 | WARNING | connector  | [mexc] WS обрыв: mexc watchBidsAsks only support spot market — реконнект через 30.0s
14:45:10 | WARNING | connector  | [gateio] WS обрыв: Connection closed by remote server, closing code 1006 — реконнект через 30.0s
14:45:24 | WARNING | connector  | [binance] WS обрыв: Connection closed by remote server, closing code 1008 — реконнект через 30.0s
14:45:41 | WARNING | connector  | [mexc] WS обрыв: mexc watchBidsAsks only support spot market — реконнект через 30.0s
14:45:41 | WARNING | connector  | [kucoin] WS обрыв: kucoinfutures watchBidsAsks() accepts a maximum of 100 symbols — реконнект через 30.0s
14:45:41 | WARNING | connector  | [coinex] WS обрыв: 'str' object has no attribute 'get' — реконнект через 30.0s
14:46:02 | WARNING | connector  | [gateio] WS обрыв: Connection timeout — реконнект через 30.0s
14:46:15 | WARNING | connector  | [mexc] WS обрыв: mexc watchBidsAsks only support spot market — реконнект через 30.0s
14:46:15 | WARNING | connector  | [kucoin] WS обрыв: kucoinfutures watchBidsAsks() accepts a maximum of 100 symbols — реконнект через 30.0s
14:46:17 | WARNING | connector  | [coinex] WS обрыв: 'str' object has no attribute 'get' — реконнект через 30.0s
14:46:17 | WARNING | connector  | [binance] WS обрыв: Connection timeout — реконнект через 30.0s
14:46:47 | WARNING | connector  | [kucoin] WS обрыв: kucoinfutures watchBidsAsks() accepts a maximum of 100 symbols — реконнект через 30.0s
14:46:47 | WARNING | connector  | [mexc] WS обрыв: mexc watchBidsAsks only support spot market — реконнект через 30.0s
14:46:52 | WARNING | connector  | [coinex] WS обрыв: 'str' object has no attribute 'get' — реконнект через 30.0s
14:46:52 | WARNING | connector  | [gateio] WS обрыв: Connection timeout — реконнект через 30.0s
ERROR:    Exception in ASGI application
Traceback (most recent call last):
  File "C:\Users\Vitali\AppData\Local\pypoetry\Cache\virtualenvs\cryptoarb-slUoWR5t-py3.11\Lib\site-packages\uvicorn\protocols\http\h11_impl.py", line 416, in run_asgi
    result = await app(  # type: ignore[func-returns-value]
             ^^^^^^^^^^^^^^^^^^^^^^^^^^^^^^^^^^^^^^^^^^^^^^
  File "C:\Users\Vitali\AppData\Local\pypoetry\Cache\virtualenvs\cryptoarb-slUoWR5t-py3.11\Lib\site-packages\uvicorn\middleware\proxy_headers.py", line 63, in __call__
    return await self.app(scope, receive, send)
           ^^^^^^^^^^^^^^^^^^^^^^^^^^^^^^^^^^^^
  File "C:\Users\Vitali\AppData\Local\pypoetry\Cache\virtualenvs\cryptoarb-slUoWR5t-py3.11\Lib\site-packages\fastapi\applications.py", line 1163, in __call__
    await super().__call__(scope, receive, send)
  File "C:\Users\Vitali\AppData\Local\pypoetry\Cache\virtualenvs\cryptoarb-slUoWR5t-py3.11\Lib\site-packages\starlette\applications.py", line 96, in __call__
    await self.middleware_stack(scope, receive, send)
  File "C:\Users\Vitali\AppData\Local\pypoetry\Cache\virtualenvs\cryptoarb-slUoWR5t-py3.11\Lib\site-packages\starlette\middleware\errors.py", line 186, in __call__
    raise exc
  File "C:\Users\Vitali\AppData\Local\pypoetry\Cache\virtualenvs\cryptoarb-slUoWR5t-py3.11\Lib\site-packages\starlette\middleware\errors.py", line 164, in __call__
    await self.app(scope, receive, _send)
  File "C:\Users\Vitali\AppData\Local\pypoetry\Cache\virtualenvs\cryptoarb-slUoWR5t-py3.11\Lib\site-packages\starlette\middleware\exceptions.py", line 63, in __call__
    await wrap_app_handling_exceptions(self.app, conn)(scope, receive, send)
  File "C:\Users\Vitali\AppData\Local\pypoetry\Cache\virtualenvs\cryptoarb-slUoWR5t-py3.11\Lib\site-packages\starlette\_exception_handler.py", line 53, in wrapped_app
    raise exc
  File "C:\Users\Vitali\AppData\Local\pypoetry\Cache\virtualenvs\cryptoarb-slUoWR5t-py3.11\Lib\site-packages\starlette\_exception_handler.py", line 42, in wrapped_app
    await app(scope, receive, sender)
  File "C:\Users\Vitali\AppData\Local\pypoetry\Cache\virtualenvs\cryptoarb-slUoWR5t-py3.11\Lib\site-packages\fastapi\middleware\asyncexitstack.py", line 18, in __call__
    await self.app(scope, receive, send)
  File "C:\Users\Vitali\AppData\Local\pypoetry\Cache\virtualenvs\cryptoarb-slUoWR5t-py3.11\Lib\site-packages\starlette\routing.py", line 670, in __call__
    await self.middleware_stack(scope, receive, send)
  File "C:\Users\Vitali\AppData\Local\pypoetry\Cache\virtualenvs\cryptoarb-slUoWR5t-py3.11\Lib\site-packages\fastapi\routing.py", line 2734, in app
    await route.handle(scope, receive, send)
  File "C:\Users\Vitali\AppData\Local\pypoetry\Cache\virtualenvs\cryptoarb-slUoWR5t-py3.11\Lib\site-packages\fastapi\routing.py", line 1281, in handle
    await super().handle(scope, receive, send)
  File "C:\Users\Vitali\AppData\Local\pypoetry\Cache\virtualenvs\cryptoarb-slUoWR5t-py3.11\Lib\site-packages\starlette\routing.py", line 280, in handle
    await self.app(scope, receive, send)
  File "C:\Users\Vitali\AppData\Local\pypoetry\Cache\virtualenvs\cryptoarb-slUoWR5t-py3.11\Lib\site-packages\fastapi\routing.py", line 158, in app
    await wrap_app_handling_exceptions(app, request)(scope, receive, send)
  File "C:\Users\Vitali\AppData\Local\pypoetry\Cache\virtualenvs\cryptoarb-slUoWR5t-py3.11\Lib\site-packages\starlette\_exception_handler.py", line 53, in wrapped_app
    raise exc
  File "C:\Users\Vitali\AppData\Local\pypoetry\Cache\virtualenvs\cryptoarb-slUoWR5t-py3.11\Lib\site-packages\starlette\_exception_handler.py", line 42, in wrapped_app
    await app(scope, receive, sender)
  File "C:\Users\Vitali\AppData\Local\pypoetry\Cache\virtualenvs\cryptoarb-slUoWR5t-py3.11\Lib\site-packages\fastapi\routing.py", line 144, in app
    response = await f(request)
               ^^^^^^^^^^^^^^^^
  File "C:\Users\Vitali\AppData\Local\pypoetry\Cache\virtualenvs\cryptoarb-slUoWR5t-py3.11\Lib\site-packages\fastapi\routing.py", line 706, in app
    raw_response = await run_endpoint_function(
                   ^^^^^^^^^^^^^^^^^^^^^^^^^^^^
  File "C:\Users\Vitali\AppData\Local\pypoetry\Cache\virtualenvs\cryptoarb-slUoWR5t-py3.11\Lib\site-packages\fastapi\routing.py", line 352, in run_endpoint_function
    return await dependant.call(**values)
           ^^^^^^^^^^^^^^^^^^^^^^^^^^^^^^
  File "D:\GitHub\CryptoArbitrage\cryptoarb\dashboard\app.py", line 22, in index
    return templates.TemplateResponse("index.html", {"request": request})
           ^^^^^^^^^^^^^^^^^^^^^^^^^^^^^^^^^^^^^^^^^^^^^^^^^^^^^^^^^^^^^^
  File "C:\Users\Vitali\AppData\Local\pypoetry\Cache\virtualenvs\cryptoarb-slUoWR5t-py3.11\Lib\site-packages\starlette\templating.py", line 148, in TemplateResponse
    template = self.get_template(name)
               ^^^^^^^^^^^^^^^^^^^^^^^
  File "C:\Users\Vitali\AppData\Local\pypoetry\Cache\virtualenvs\cryptoarb-slUoWR5t-py3.11\Lib\site-packages\starlette\templating.py", line 115, in get_template
    return self.env.get_template(name)
           ^^^^^^^^^^^^^^^^^^^^^^^^^^^
  File "C:\Users\Vitali\AppData\Local\pypoetry\Cache\virtualenvs\cryptoarb-slUoWR5t-py3.11\Lib\site-packages\jinja2\environment.py", line 1016, in get_template
    return self._load_template(name, globals)
           ^^^^^^^^^^^^^^^^^^^^^^^^^^^^^^^^^^
  File "C:\Users\Vitali\AppData\Local\pypoetry\Cache\virtualenvs\cryptoarb-slUoWR5t-py3.11\Lib\site-packages\jinja2\environment.py", line 964, in _load_template
    template = self.cache.get(cache_key)
               ^^^^^^^^^^^^^^^^^^^^^^^^^
  File "C:\Users\Vitali\AppData\Local\pypoetry\Cache\virtualenvs\cryptoarb-slUoWR5t-py3.11\Lib\site-packages\jinja2\utils.py", line 477, in get
    return self[key]
           ~~~~^^^^^
  File "C:\Users\Vitali\AppData\Local\pypoetry\Cache\virtualenvs\cryptoarb-slUoWR5t-py3.11\Lib\site-packages\jinja2\utils.py", line 515, in __getitem__
    rv = self._mapping[key]
         ~~~~~~~~~~~~~^^^^^
TypeError: unhashable type: 'dict'
14:47:04 | WARNING | connector  | [binance] WS обрыв: Connection timeout — реконнект через 30.0s
14:47:17 | WARNING | connector  | [bitget] WS обрыв: Connection timeout — реконнект через 30.0s
14:47:19 | WARNING | connector  | [kucoin] WS обрыв: kucoinfutures watchBidsAsks() accepts a maximum of 100 symbols — реконнект через 30.0s
14:47:19 | WARNING | connector  | [mexc] WS обрыв: mexc watchBidsAsks only support spot market — реконнект через 30.0s
14:47:26 | WARNING | connector  | [coinex] WS обрыв: 'str' object has no attribute 'get' — реконнект через 30.0s
14:47:31 | WARNING | connector  | [okx] WS обрыв: Connection to wss://ws.okx.com:8443/ws/v5/public timed out due to a ping-pong keepalive missing on time — реконнект через 30.0s
14:47:47 | WARNING | connector  | [binance] WS обрыв: Connection closed by remote server, closing code 1008 — реконнект через 30.0s
14:47:50 | WARNING | connector  | [kucoin] WS обрыв: kucoinfutures watchBidsAsks() accepts a maximum of 100 symbols — реконнект через 30.0s
14:47:50 | WARNING | connector  | [mexc] WS обрыв: mexc watchBidsAsks only support spot market — реконнект через 30.0s
14:47:57 | WARNING | connector  | [coinex] WS обрыв: 'str' object has no attribute 'get' — реконнект через 30.0s
14:47:58 | WARNING | connector  | [gateio] WS обрыв: Connection closed by remote server, closing code 1006 — реконнект через 30.0s
14:48:18 | WARNING | connector  | [okx] WS обрыв: Connection timeout — реконнект через 30.0s
14:48:21 | WARNING | connector  | [mexc] WS обрыв: mexc watchBidsAsks only support spot market — реконнект через 30.0s
14:48:21 | WARNING | connector  | [kucoin] WS обрыв: kucoinfutures watchBidsAsks() accepts a maximum of 100 symbols — реконнект через 30.0s
14:48:30 | WARNING | connector  | [coinex] WS обрыв: 'str' object has no attribute 'get' — реконнект через 30.0s
14:48:40 | WARNING | connector  | [binance] WS обрыв: Connection closed by remote server, closing code 1008 — реконнект через 30.0s
14:48:46 | WARNING | connector  | [gateio] WS обрыв: Connection timeout — реконнект через 30.0s
14:48:52 | WARNING | connector  | [mexc] WS обрыв: mexc watchBidsAsks only support spot market — реконнект через 30.0s
14:48:52 | WARNING | connector  | [kucoin] WS обрыв: kucoinfutures watchBidsAsks() accepts a maximum of 100 symbols — реконнект через 30.0s
14:49:01 | WARNING | connector  | [coinex] WS обрыв: 'str' object has no attribute 'get' — реконнект через 30.0s
14:49:07 | WARNING | connector  | [bitget] WS обрыв: Connection closed by remote server, closing code 1006 — реконнект через 30.0s
14:49:16 | WARNING | connector  | [bybit] WS обрыв: Connection to wss://stream.bybit.com/v5/public/linear timed out due to a ping-pong keepalive missing on time — реконнект через 30.0s
14:49:23 | WARNING | connector  | [mexc] WS обрыв: mexc watchBidsAsks only support spot market — реконнект через 30.0s
14:49:23 | WARNING | connector  | [kucoin] WS обрыв: kucoinfutures watchBidsAsks() accepts a maximum of 100 symbols — реконнект через 30.0s
14:49:30 | WARNING | connector  | [binance] WS обрыв: Connection closed by remote server, closing code 1008 — реконнект через 30.0s
14:49:33 | WARNING | connector  | [gateio] WS обрыв: Connection timeout — реконнект через 30.0s
14:49:33 | WARNING | connector  | [coinex] WS обрыв: 'str' object has no attribute 'get' — реконнект через 30.0s
14:49:53 | WARNING | connector  | [mexc] WS обрыв: mexc watchBidsAsks only support spot market — реконнект через 30.0s
14:49:53 | WARNING | connector  | [kucoin] WS обрыв: kucoinfutures watchBidsAsks() accepts a maximum of 100 symbols — реконнект через 30.0s
14:50:04 | WARNING | connector  | [coinex] WS обрыв: 'str' object has no attribute 'get' — реконнект через 30.0s
14:50:11 | WARNING | connector  | [binance] WS обрыв: Connection closed by remote server, closing code 1008 — реконнект через 30.0s
14:50:25 | WARNING | connector  | [kucoin] WS обрыв: kucoinfutures watchBidsAsks() accepts a maximum of 100 symbols — реконнект через 30.0s
14:50:25 | WARNING | connector  | [mexc] WS обрыв: mexc watchBidsAsks only support spot market — реконнект через 30.0s
14:50:36 | WARNING | connector  | [coinex] WS обрыв: 'str' object has no attribute 'get' — реконнект через 30.0s
14:50:55 | WARNING | connector  | [binance] WS обрыв: Connection closed by remote server, closing code 1008 — реконнект через 30.0s
14:50:56 | WARNING | connector  | [kucoin] WS обрыв: kucoinfutures watchBidsAsks() accepts a maximum of 100 symbols — реконнект через 30.0s
14:50:56 | WARNING | connector  | [mexc] WS обрыв: mexc watchBidsAsks only support spot market — реконнект через 30.0s
14:51:10 | WARNING | connector  | [coinex] WS обрыв: 'str' object has no attribute 'get' — реконнект через 30.0s
14:51:27 | WARNING | connector  | [kucoin] WS обрыв: kucoinfutures watchBidsAsks() accepts a maximum of 100 symbols — реконнект через 30.0s
14:51:27 | WARNING | connector  | [mexc] WS обрыв: mexc watchBidsAsks only support spot market — реконнект через 30.0s
